Kingdom,Phylum,Class,Order,Family,Genus
Fungi,Ascomycota,Arthoniomycetes,Arthoniales,Andreiomycetaceae,Andreiomyces
Fungi,Ascomycota,Arthoniomycetes,Arthoniales,Arthoniaceae,Amazonomyces
Fungi,Ascomycota,Arthoniomycetes,Arthoniales,Arthoniaceae,Arthonia
Fungi,Ascomycota,Arthoniomycetes,Arthoniales,Arthoniaceae,Arthothelium
Fungi,Ascomycota,Arthoniomycetes,Arthoniales,Arthoniaceae,Coniangium
Fungi,Ascomycota,Arthoniomycetes,Arthoniales,Arthoniaceae,Coniarthonia
Fungi,Ascomycota,Arthoniomycetes,Arthoniales,Arthoniaceae,Coniocarpon
Fungi,Ascomycota,Arthoniomycetes,Arthoniales,Arthoniaceae,Crypthonia
Fungi,Ascomycota,Arthoniomycetes,Arthoniales,Arthoniaceae,Cryptophaea
Fungi,Ascomycota,Arthoniomycetes,Arthoniales,Arthoniaceae,Cryptothecia
Fungi,Ascomycota,Arthoniomycetes,Arthoniales,Arthoniaceae,Eremothecella
Fungi,Ascomycota,Arthoniomycetes,Arthoniales,Arthoniaceae,Glomerulophoron
Fungi,Ascomycota,Arthoniomycetes,Arthoniales,Arthoniaceae,Herpothallon
Fungi,Ascomycota,Arthoniomycetes,Arthoniales,Arthoniaceae,Inoderma
Fungi,Ascomycota,Arthoniomycetes,Arthoniales,Arthoniaceae,Leprantha
Fungi,Ascomycota,Arthoniomycetes,Arthoniales,Arthoniaceae,Myriostigma
Fungi,Ascomycota,Arthoniomycetes,Arthoniales,Arthoniaceae,Pachnolepia
Fungi,Ascomycota,Arthoniomycetes,Arthoniales,Arthoniaceae,Reichlingia
Fungi,Ascomycota,Arthoniomycetes,Arthoniales,Arthoniaceae,Sporodophoron
Fungi,Ascomycota,Arthoniomycetes,Arthoniales,Arthoniaceae,Stirtonia
Fungi,Ascomycota,Arthoniomycetes,Arthoniales,Arthoniaceae,Tylophoron
Fungi,Ascomycota,Arthoniomycetes,Arthoniales,Chrysotrichaceae,Chrysothrix
Fungi,Ascomycota,Arthoniomycetes,Arthoniales,Chrysotrichaceae,Melarthonis
Fungi,Ascomycota,Arthoniomycetes,Arthoniales,Lecanographaceae,Alyxoria
Fungi,Ascomycota,Arthoniomycetes,Arthoniales,Lecanographaceae,Heterocyphelium
Fungi,Ascomycota,Arthoniomycetes,Arthoniales,Lecanographaceae,Lecanographa
Fungi,Ascomycota,Arthoniomycetes,Arthoniales,Lecanographaceae,Plectocarpon
Fungi,Ascomycota,Arthoniomycetes,Arthoniales,Lecanographaceae,Zwackhia
Fungi,Ascomycota,Arthoniomycetes,Arthoniales,Opegraphaceae,Combea
Fungi,Ascomycota,Arthoniomycetes,Arthoniales,Opegraphaceae,Cresponea
Fungi,Ascomycota,Arthoniomycetes,Arthoniales,Opegraphaceae,Dictyographa
Fungi,Ascomycota,Arthoniomycetes,Arthoniales,Opegraphaceae,Dolichocarpus
Fungi,Ascomycota,Arthoniomycetes,Arthoniales,Opegraphaceae,Fouragea
Fungi,Ascomycota,Arthoniomycetes,Arthoniales,Opegraphaceae,Ingaderia
Fungi,Ascomycota,Arthoniomycetes,Arthoniales,Opegraphaceae,Llimonaea
Fungi,Ascomycota,Arthoniomycetes,Arthoniales,Opegraphaceae,Nyungwea
Fungi,Ascomycota,Arthoniomycetes,Arthoniales,Opegraphaceae,Opegrapha
Fungi,Ascomycota,Arthoniomycetes,Arthoniales,Opegraphaceae,Paraingaderia
Fungi,Ascomycota,Arthoniomycetes,Arthoniales,Opegraphaceae,Paraschismatomma
Fungi,Ascomycota,Arthoniomycetes,Arthoniales,Opegraphaceae,Pentagenella
Fungi,Ascomycota,Arthoniomycetes,Arthoniales,Opegraphaceae,Schizopelte
Fungi,Ascomycota,Arthoniomycetes,Arthoniales,Opegraphaceae,Sclerophyton
Fungi,Ascomycota,Arthoniomycetes,Arthoniales,Opegraphaceae,Sparria
Fungi,Ascomycota,Arthoniomycetes,Arthoniales,Roccellaceae,Ancistrosporella
Fungi,Ascomycota,Arthoniomycetes,Arthoniales,Roccellaceae,Austrographa
Fungi,Ascomycota,Arthoniomycetes,Arthoniales,Roccellaceae,Austroroccella
Fungi,Ascomycota,Arthoniomycetes,Arthoniales,Roccellaceae,Chiodecton
Fungi,Ascomycota,Arthoniomycetes,Arthoniales,Roccellaceae,Crocellina
Fungi,Ascomycota,Arthoniomycetes,Arthoniales,Roccellaceae,Dendrographa
Fungi,Ascomycota,Arthoniomycetes,Arthoniales,Roccellaceae,Dichosporidium
Fungi,Ascomycota,Arthoniomycetes,Arthoniales,Roccellaceae,Dirina
Fungi,Ascomycota,Arthoniomycetes,Arthoniales,Roccellaceae,Dirinastrum
Fungi,Ascomycota,Arthoniomycetes,Arthoniales,Roccellaceae,Diromma
Fungi,Ascomycota,Arthoniomycetes,Arthoniales,Roccellaceae,Enterodictyon
Fungi,Ascomycota,Arthoniomycetes,Arthoniales,Roccellaceae,Enterographa
Fungi,Ascomycota,Arthoniomycetes,Arthoniales,Roccellaceae,Erythrodecton
Fungi,Ascomycota,Arthoniomycetes,Arthoniales,Roccellaceae,Feigeana
Fungi,Ascomycota,Arthoniomycetes,Arthoniales,Roccellaceae,Follmanniella
Fungi,Ascomycota,Arthoniomycetes,Arthoniales,Roccellaceae,Gorgadesia
Fungi,Ascomycota,Arthoniomycetes,Arthoniales,Roccellaceae,Graphidastra
Fungi,Ascomycota,Arthoniomycetes,Arthoniales,Roccellaceae,Gyrographa
Fungi,Ascomycota,Arthoniomycetes,Arthoniales,Roccellaceae,Gyronactis
Fungi,Ascomycota,Arthoniomycetes,Arthoniales,Roccellaceae,Halographis
Fungi,Ascomycota,Arthoniomycetes,Arthoniales,Roccellaceae,Haplodina
Fungi,Ascomycota,Arthoniomycetes,Arthoniales,Roccellaceae,Isalonactis
Fungi,Ascomycota,Arthoniomycetes,Arthoniales,Roccellaceae,Lecanactis
Fungi,Ascomycota,Arthoniomycetes,Arthoniales,Roccellaceae,Mazosia
Fungi,Ascomycota,Arthoniomycetes,Arthoniales,Roccellaceae,Neosergipea
Fungi,Ascomycota,Arthoniomycetes,Arthoniales,Roccellaceae,Ocellomma
Fungi,Ascomycota,Arthoniomycetes,Arthoniales,Roccellaceae,Pseudolecanactis
Fungi,Ascomycota,Arthoniomycetes,Arthoniales,Roccellaceae,Pseudoschismatomma
Fungi,Ascomycota,Arthoniomycetes,Arthoniales,Roccellaceae,Psoronactis
Fungi,Ascomycota,Arthoniomycetes,Arthoniales,Roccellaceae,Pulvinodecton
Fungi,Ascomycota,Arthoniomycetes,Arthoniales,Roccellaceae,Roccella
Fungi,Ascomycota,Arthoniomycetes,Arthoniales,Roccellaceae,Roccellina
Fungi,Ascomycota,Arthoniomycetes,Arthoniales,Roccellaceae,Sagenidiopsis
Fungi,Ascomycota,Arthoniomycetes,Arthoniales,Roccellaceae,Schismatomma
Fungi,Ascomycota,Arthoniomycetes,Arthoniales,Roccellaceae,Sigridea
Fungi,Ascomycota,Arthoniomycetes,Arthoniales,Roccellaceae,Simonyella
Fungi,Ascomycota,Arthoniomycetes,Arthoniales,Roccellaceae,Sipmania
Fungi,Ascomycota,Arthoniomycetes,Arthoniales,Roccellaceae,Streimannia
Fungi,Ascomycota,Arthoniomycetes,Arthoniales,Roccellaceae,Syncesia
Fungi,Ascomycota,Arthoniomycetes,Arthoniales,Roccellaceae,Tania
Fungi,Ascomycota,Arthoniomycetes,Arthoniales,Roccellaceae,Vigneronia
Fungi,Ascomycota,Arthoniomycetes,Arthoniales,Roccellographaceae,Dimidiographa
Fungi,Ascomycota,Arthoniomycetes,Arthoniales,Roccellographaceae,Fulvophyton
Fungi,Ascomycota,Arthoniomycetes,Arthoniales,Roccellographaceae,Roccellographa
Fungi,Ascomycota,Arthoniomycetes,Arthoniales,,Angiactis
Fungi,Ascomycota,Arthoniomycetes,Arthoniales,,Bactrospora
Fungi,Ascomycota,Arthoniomycetes,Arthoniales,,Bryostigma
Fungi,Ascomycota,Arthoniomycetes,Arthoniales,,Catarraphia
Fungi,Ascomycota,Arthoniomycetes,Arthoniales,,Felipes
Fungi,Ascomycota,Arthoniomycetes,Arthoniales,,Glyphopsis
Fungi,Ascomycota,Arthoniomycetes,Arthoniales,,Gossypiothallon
Fungi,Ascomycota,Arthoniomycetes,Arthoniales,,Helminthocarpon
Fungi,Ascomycota,Arthoniomycetes,Arthoniales,,Hormosphaeria
Fungi,Ascomycota,Arthoniomycetes,Arthoniales,,Minksia
Fungi,Ascomycota,Arthoniomycetes,Arthoniales,,Phoebus
Fungi,Ascomycota,Arthoniomycetes,Arthoniales,,Sporostigma
Fungi,Ascomycota,Arthoniomycetes,Arthoniales,,Synarthonia
Fungi,Ascomycota,Arthoniomycetes,Arthoniales,,Synarthothelium
Fungi,Ascomycota,Arthoniomycetes,Arthoniales,,Tarbertia
Fungi,Ascomycota,Arthoniomycetes,Arthoniales,,Tylophorella
Fungi,Ascomycota,Coniocybomycetes,Coniocybales,Coniocybaceae,Chaenotheca
Fungi,Ascomycota,Coniocybomycetes,Coniocybales,Coniocybaceae,Sclerophora
Fungi,Ascomycota,Dothideomycetes,Capnodiales,Antennulariellaceae,Antennulariella
Fungi,Ascomycota,Dothideomycetes,Capnodiales,Cystocoleaceae,Cystocoleus
Fungi,Ascomycota,Dothideomycetes,Capnodiales,Mycosphaerellaceae,Stigmidium
Fungi,Ascomycota,Dothideomycetes,Capnodiales,Racodiaceae,Racodium
Fungi,Ascomycota,Dothideomycetes,Capnodiales,,Racoleus
Fungi,Ascomycota,Dothideomycetes,Pleosporales,Arthopyreniaceae,Arthopyrenia
Fungi,Ascomycota,Dothideomycetes,Pleosporales,Dacampiaceae,Dacampia
Fungi,Ascomycota,Dothideomycetes,Pleosporales,Mycoporaceae,Mycoporum
Fungi,Ascomycota,Dothideomycetes,Collemopsidiales,Xanthopyreniaceae,Collemopsidium
Fungi,Ascomycota,Dothideomycetes,Eremithallales,Melaspileaceae,Encephalographa
Fungi,Ascomycota,Dothideomycetes,Eremithallales,Melaspileaceae,Eremithallus
Fungi,Ascomycota,Dothideomycetes,Eremithallales,Melaspileaceae,Melaspilea
Fungi,Ascomycota,Dothideomycetes,Monoblastiales,Monoblastiaceae,Acrocordia
Fungi,Ascomycota,Dothideomycetes,Monoblastiales,Monoblastiaceae,Anisomeridium
Fungi,Ascomycota,Dothideomycetes,Monoblastiales,Monoblastiaceae,Caprettia
Fungi,Ascomycota,Dothideomycetes,Monoblastiales,Monoblastiaceae,Megalotremis
Fungi,Ascomycota,Dothideomycetes,Monoblastiales,Monoblastiaceae,Monoblastia
Fungi,Ascomycota,Dothideomycetes,Monoblastiales,Monoblastiaceae,Trypetheliopsis
Fungi,Ascomycota,Dothideomycetes,Strigulales,Strigulaceae,Flavobathelium
Fungi,Ascomycota,Dothideomycetes,Strigulales,Strigulaceae,Oletheriostrigula
Fungi,Ascomycota,Dothideomycetes,Strigulales,Strigulaceae,Phyllobathelium
Fungi,Ascomycota,Dothideomycetes,Strigulales,Strigulaceae,Phyllocratera
Fungi,Ascomycota,Dothideomycetes,Strigulales,Strigulaceae,Strigula
Fungi,Ascomycota,Dothideomycetes,Trypetheliales,Trypetheliaceae,Aptrootia
Fungi,Ascomycota,Dothideomycetes,Trypetheliales,Trypetheliaceae,Architrypethelium
Fungi,Ascomycota,Dothideomycetes,Trypetheliales,Trypetheliaceae,Astrothelium
Fungi,Ascomycota,Dothideomycetes,Trypetheliales,Trypetheliaceae,Bathelium
Fungi,Ascomycota,Dothideomycetes,Trypetheliales,Trypetheliaceae,Bogoriella
Fungi,Ascomycota,Dothideomycetes,Trypetheliales,Trypetheliaceae,Constrictolumina
Fungi,Ascomycota,Dothideomycetes,Trypetheliales,Trypetheliaceae,Dictyomeridium
Fungi,Ascomycota,Dothideomycetes,Trypetheliales,Trypetheliaceae,Distothelia
Fungi,Ascomycota,Dothideomycetes,Trypetheliales,Trypetheliaceae,Marcelaria
Fungi,Ascomycota,Dothideomycetes,Trypetheliales,Trypetheliaceae,Nigrovothelium
Fungi,Ascomycota,Dothideomycetes,Trypetheliales,Trypetheliaceae,Novomicrothelia
Fungi,Ascomycota,Dothideomycetes,Trypetheliales,Trypetheliaceae,Polymeridium
Fungi,Ascomycota,Dothideomycetes,Trypetheliales,Trypetheliaceae,Polypyrenula
Fungi,Ascomycota,Dothideomycetes,Trypetheliales,Trypetheliaceae,Pseudopyrenula
Fungi,Ascomycota,Dothideomycetes,Trypetheliales,Trypetheliaceae,Trypethelium
Fungi,Ascomycota,Dothideomycetes,Trypetheliales,Trypetheliaceae,Viridothelium
Fungi,Ascomycota,Eurotiomycetes,Chaetothyriales,Lyrommataceae,Lyromma
Fungi,Ascomycota,Eurotiomycetes,Chaetothyriales,Microtheliopsidaceae,Microtheliopsis
Fungi,Ascomycota,Eurotiomycetes,Chaetothyriales,Pyrenotrichaceae,Pyrenothrix
Fungi,Ascomycota,Eurotiomycetes,Phaeomoniellales,Celotheliaceae,Celothelium
Fungi,Ascomycota,Eurotiomycetes,Pyrenulales,Pyrenulaceae,Anthracothecium
Fungi,Ascomycota,Eurotiomycetes,Pyrenulales,Pyrenulaceae,Clypeopyrenis
Fungi,Ascomycota,Eurotiomycetes,Pyrenulales,Pyrenulaceae,Distopyrenis
Fungi,Ascomycota,Eurotiomycetes,Pyrenulales,Pyrenulaceae,Lithothelium
Fungi,Ascomycota,Eurotiomycetes,Pyrenulales,Pyrenulaceae,Mazaediothecium
Fungi,Ascomycota,Eurotiomycetes,Pyrenulales,Pyrenulaceae,Pyrenowilmsia
Fungi,Ascomycota,Eurotiomycetes,Pyrenulales,Pyrenulaceae,Pyrenula
Fungi,Ascomycota,Eurotiomycetes,Pyrenulales,Pyrenulaceae,Pyrgillus
Fungi,Ascomycota,Eurotiomycetes,Pyrenulales,Pyrenulaceae,Sulcopyrenula
Fungi,Ascomycota,Eurotiomycetes,Pyrenulales,Pyrenulaceae,Granulopyrenis
Fungi,Ascomycota,Eurotiomycetes,Pyrenulales,Pyrenulaceae,Blastodesmia
Fungi,Ascomycota,Eurotiomycetes,Pyrenulales,,Rhaphidicyrtis
Fungi,Ascomycota,Eurotiomycetes,Pyrenulales,,Xenus
Fungi,Ascomycota,Eurotiomycetes,Verrucariales,Verrucariaceae,Agonimia
Fungi,Ascomycota,Eurotiomycetes,Verrucariales,Verrucariaceae,Anthracocarpon
Fungi,Ascomycota,Eurotiomycetes,Verrucariales,Verrucariaceae,Atla
Fungi,Ascomycota,Eurotiomycetes,Verrucariales,Verrucariaceae,Awasthiella
Fungi,Ascomycota,Eurotiomycetes,Verrucariales,Verrucariaceae,Bagliettoa
Fungi,Ascomycota,Eurotiomycetes,Verrucariales,Verrucariaceae,Catapyrenium
Fungi,Ascomycota,Eurotiomycetes,Verrucariales,Verrucariaceae,Clauzadella
Fungi,Ascomycota,Eurotiomycetes,Verrucariales,Verrucariaceae,Clavascidium
Fungi,Ascomycota,Eurotiomycetes,Verrucariales,Verrucariaceae,Dermatocarpon
Fungi,Ascomycota,Eurotiomycetes,Verrucariales,Verrucariaceae,Endocarpon
Fungi,Ascomycota,Eurotiomycetes,Verrucariales,Verrucariaceae,Flakea
Fungi,Ascomycota,Eurotiomycetes,Verrucariales,Verrucariaceae,Glomerilla
Fungi,Ascomycota,Eurotiomycetes,Verrucariales,Verrucariaceae,Henrica
Fungi,Ascomycota,Eurotiomycetes,Verrucariales,Verrucariaceae,Heterocarpon
Fungi,Ascomycota,Eurotiomycetes,Verrucariales,Verrucariaceae,Heteroplacidium
Fungi,Ascomycota,Eurotiomycetes,Verrucariales,Verrucariaceae,Hydropunctaria
Fungi,Ascomycota,Eurotiomycetes,Verrucariales,Verrucariaceae,Involucropyrenium
Fungi,Ascomycota,Eurotiomycetes,Verrucariales,Verrucariaceae,Mastodia
Fungi,Ascomycota,Eurotiomycetes,Verrucariales,Verrucariaceae,Moriola
Fungi,Ascomycota,Eurotiomycetes,Verrucariales,Verrucariaceae,Neocatapyrenium
Fungi,Ascomycota,Eurotiomycetes,Verrucariales,Verrucariaceae,Normandina
Fungi,Ascomycota,Eurotiomycetes,Verrucariales,Verrucariaceae,Parabagliettoa
Fungi,Ascomycota,Eurotiomycetes,Verrucariales,Verrucariaceae,Phylloblastia
Fungi,Ascomycota,Eurotiomycetes,Verrucariales,Verrucariaceae,Placidiopsis
Fungi,Ascomycota,Eurotiomycetes,Verrucariales,Verrucariaceae,Placidium
Fungi,Ascomycota,Eurotiomycetes,Verrucariales,Verrucariaceae,Placocarpus
Fungi,Ascomycota,Eurotiomycetes,Verrucariales,Verrucariaceae,Placopyrenium
Fungi,Ascomycota,Eurotiomycetes,Verrucariales,Verrucariaceae,Placothelium
Fungi,Ascomycota,Eurotiomycetes,Verrucariales,Verrucariaceae,Polyblastia
Fungi,Ascomycota,Eurotiomycetes,Verrucariales,Verrucariaceae,Psoroglaena
Fungi,Ascomycota,Eurotiomycetes,Verrucariales,Verrucariaceae,Rhabdopsora
Fungi,Ascomycota,Eurotiomycetes,Verrucariales,Verrucariaceae,Scleropyrenium
Fungi,Ascomycota,Eurotiomycetes,Verrucariales,Verrucariaceae,Servitia
Fungi,Ascomycota,Eurotiomycetes,Verrucariales,Verrucariaceae,Spheconisca
Fungi,Ascomycota,Eurotiomycetes,Verrucariales,Verrucariaceae,Sporodictyon
Fungi,Ascomycota,Eurotiomycetes,Verrucariales,Verrucariaceae,Staurothele
Fungi,Ascomycota,Eurotiomycetes,Verrucariales,Verrucariaceae,Thelidiopsis
Fungi,Ascomycota,Eurotiomycetes,Verrucariales,Verrucariaceae,Thelidium
Fungi,Ascomycota,Eurotiomycetes,Verrucariales,Verrucariaceae,Trimmatothele
Fungi,Ascomycota,Eurotiomycetes,Verrucariales,Verrucariaceae,Verrucaria
Fungi,Ascomycota,Eurotiomycetes,Verrucariales,Verrucariaceae,Verruculopsis
Fungi,Ascomycota,Eurotiomycetes,Verrucariales,Verrucariaceae,Wahlenbergiella
Fungi,Ascomycota,Eurotiomycetes,Verrucariales,Verrucariaceae,Willeya
Fungi,Ascomycota,Eurotiomycetes,Verrucariales,,Kalbiana
Fungi,Ascomycota,Eurotiomycetes,Verrucariales,,Botryolepraria
Fungi,Ascomycota,Eurotiomycetes,,Dactylosporaceae,Sclerococcum
Fungi,Ascomycota,Lecanoromycetes,Acarosporales,Acarosporaceae,Acarospora
Fungi,Ascomycota,Lecanoromycetes,Acarosporales,Acarosporaceae,Caeruleum
Fungi,Ascomycota,Lecanoromycetes,Acarosporales,Acarosporaceae,Eiglera
Fungi,Ascomycota,Lecanoromycetes,Acarosporales,Acarosporaceae,Glypholecia
Fungi,Ascomycota,Lecanoromycetes,Acarosporales,Acarosporaceae,Lithoglypha
Fungi,Ascomycota,Lecanoromycetes,Acarosporales,Acarosporaceae,Myriospora
Fungi,Ascomycota,Lecanoromycetes,Acarosporales,Acarosporaceae,Pleopsidium
Fungi,Ascomycota,Lecanoromycetes,Acarosporales,Acarosporaceae,Polysporina
Fungi,Ascomycota,Lecanoromycetes,Acarosporales,Acarosporaceae,Sarcogyne
Fungi,Ascomycota,Lecanoromycetes,Acarosporales,Acarosporaceae,Thelocarpella
Fungi,Ascomycota,Lecanoromycetes,Acarosporales,Acarosporaceae,Trimmatothelopsis
Fungi,Ascomycota,Lecanoromycetes,Acarosporales,Acarosporaceae,Timdalia
Fungi,Ascomycota,Lecanoromycetes,Candelariales,Candelariaceae,Candelaria
Fungi,Ascomycota,Lecanoromycetes,Candelariales,Candelariaceae,Candelariella
Fungi,Ascomycota,Lecanoromycetes,Candelariales,Candelariaceae,Candelina
Fungi,Ascomycota,Lecanoromycetes,Candelariales,Candelariaceae,Placomaronea
Fungi,Ascomycota,Lecanoromycetes,Candelariales,Pycnoraceae,Pycnora
Fungi,Ascomycota,Lecanoromycetes,Caliciales,Caliciaceae,Acolium
Fungi,Ascomycota,Lecanoromycetes,Caliciales,Caliciaceae,Acroscyphus
Fungi,Ascomycota,Lecanoromycetes,Caliciales,Caliciaceae,Allocalicium
Fungi,Ascomycota,Lecanoromycetes,Caliciales,Caliciaceae,Amandinea
Fungi,Ascomycota,Lecanoromycetes,Caliciales,Caliciaceae,Australiaena
Fungi,Ascomycota,Lecanoromycetes,Caliciales,Caliciaceae,Baculifera
Fungi,Ascomycota,Lecanoromycetes,Caliciales,Caliciaceae,Buellia
Fungi,Ascomycota,Lecanoromycetes,Caliciales,Caliciaceae,Calicium
Fungi,Ascomycota,Lecanoromycetes,Caliciales,Caliciaceae,Chrismofulvea
Fungi,Ascomycota,Lecanoromycetes,Caliciales,Caliciaceae,Ciposia
Fungi,Ascomycota,Lecanoromycetes,Caliciales,Caliciaceae,Cratiria
Fungi,Ascomycota,Lecanoromycetes,Caliciales,Caliciaceae,Cyphelium
Fungi,Ascomycota,Lecanoromycetes,Caliciales,Caliciaceae,Dermatiscum
Fungi,Ascomycota,Lecanoromycetes,Caliciales,Caliciaceae,Dermiscellum
Fungi,Ascomycota,Lecanoromycetes,Caliciales,Caliciaceae,Dimelaena
Fungi,Ascomycota,Lecanoromycetes,Caliciales,Caliciaceae,Diploicia
Fungi,Ascomycota,Lecanoromycetes,Caliciales,Caliciaceae,Diplotomma
Fungi,Ascomycota,Lecanoromycetes,Caliciales,Caliciaceae,Dirinaria
Fungi,Ascomycota,Lecanoromycetes,Caliciales,Caliciaceae,Endohyalina
Fungi,Ascomycota,Lecanoromycetes,Caliciales,Caliciaceae,Fluctua
Fungi,Ascomycota,Lecanoromycetes,Caliciales,Caliciaceae,Gassicurtia
Fungi,Ascomycota,Lecanoromycetes,Caliciales,Caliciaceae,Hypoflavia
Fungi,Ascomycota,Lecanoromycetes,Caliciales,Caliciaceae,Monerolechia
Fungi,Ascomycota,Lecanoromycetes,Caliciales,Caliciaceae,Orcularia
Fungi,Ascomycota,Lecanoromycetes,Caliciales,Caliciaceae,Pseudothelomma
Fungi,Ascomycota,Lecanoromycetes,Caliciales,Caliciaceae,Pyxine
Fungi,Ascomycota,Lecanoromycetes,Caliciales,Caliciaceae,Redonia
Fungi,Ascomycota,Lecanoromycetes,Caliciales,Caliciaceae,Santessonia
Fungi,Ascomycota,Lecanoromycetes,Caliciales,Caliciaceae,Sculptolumina
Fungi,Ascomycota,Lecanoromycetes,Caliciales,Caliciaceae,Sphinctrinopsis
Fungi,Ascomycota,Lecanoromycetes,Caliciales,Caliciaceae,Stigmatochroma
Fungi,Ascomycota,Lecanoromycetes,Caliciales,Caliciaceae,Tetramelas
Fungi,Ascomycota,Lecanoromycetes,Caliciales,Caliciaceae,Texosporium
Fungi,Ascomycota,Lecanoromycetes,Caliciales,Caliciaceae,Thelomma
Fungi,Ascomycota,Lecanoromycetes,Caliciales,Caliciaceae,Tholurna
Fungi,Ascomycota,Lecanoromycetes,Caliciales,Caliciaceae,Tylophoropsis
Fungi,Ascomycota,Lecanoromycetes,Caliciales,Physciaceae,Anaptychia
Fungi,Ascomycota,Lecanoromycetes,Caliciales,Physciaceae,Coscinocladium
Fungi,Ascomycota,Lecanoromycetes,Caliciales,Physciaceae,Culbersonia
Fungi,Ascomycota,Lecanoromycetes,Caliciales,Physciaceae,Heterodermia
Fungi,Ascomycota,Lecanoromycetes,Caliciales,Physciaceae,Hyperphyscia
Fungi,Ascomycota,Lecanoromycetes,Caliciales,Physciaceae,Kashiwadia
Fungi,Ascomycota,Lecanoromycetes,Caliciales,Physciaceae,Leucodermia
Fungi,Ascomycota,Lecanoromycetes,Caliciales,Physciaceae,Mischoblastia
Fungi,Ascomycota,Lecanoromycetes,Caliciales,Physciaceae,Mobergia
Fungi,Ascomycota,Lecanoromycetes,Caliciales,Physciaceae,Oxnerella
Fungi,Ascomycota,Lecanoromycetes,Caliciales,Physciaceae,Phaeophyscia
Fungi,Ascomycota,Lecanoromycetes,Caliciales,Physciaceae,Phaeorrhiza
Fungi,Ascomycota,Lecanoromycetes,Caliciales,Physciaceae,Physcia
Fungi,Ascomycota,Lecanoromycetes,Caliciales,Physciaceae,Physciella
Fungi,Ascomycota,Lecanoromycetes,Caliciales,Physciaceae,Physconia
Fungi,Ascomycota,Lecanoromycetes,Caliciales,Physciaceae,Polyblastidium
Fungi,Ascomycota,Lecanoromycetes,Caliciales,Physciaceae,Rinodina
Fungi,Ascomycota,Lecanoromycetes,Caliciales,Physciaceae,Rinodinella
Fungi,Ascomycota,Lecanoromycetes,Caliciales,Physciaceae,Tornabea
Fungi,Ascomycota,Lecanoromycetes,Lecanorales,Biatorellaceae,Biatorella
Fungi,Ascomycota,Lecanoromycetes,Lecanorales,Carbonicolaceae,Carbonicola
Fungi,Ascomycota,Lecanoromycetes,Lecanorales,Catillariaceae,Austrolecia
Fungi,Ascomycota,Lecanoromycetes,Lecanorales,Catillariaceae,Catillaria
Fungi,Ascomycota,Lecanoromycetes,Lecanorales,Catillariaceae,Placolecis
Fungi,Ascomycota,Lecanoromycetes,Lecanorales,Catillariaceae,Solenopsora
Fungi,Ascomycota,Lecanoromycetes,Lecanorales,Catillariaceae,Xanthopsorella
Fungi,Ascomycota,Lecanoromycetes,Lecanorales,Cladoniaceae,Calathaspis
Fungi,Ascomycota,Lecanoromycetes,Lecanorales,Cladoniaceae,Carassea
Fungi,Ascomycota,Lecanoromycetes,Lecanorales,Cladoniaceae,Cetradonia
Fungi,Ascomycota,Lecanoromycetes,Lecanorales,Cladoniaceae,Cladia
Fungi,Ascomycota,Lecanoromycetes,Lecanorales,Cladoniaceae,Cladonia
Fungi,Ascomycota,Lecanoromycetes,Lecanorales,Cladoniaceae,Gymnoderma
Fungi,Ascomycota,Lecanoromycetes,Lecanorales,Cladoniaceae,Heteromyces
Fungi,Ascomycota,Lecanoromycetes,Lecanorales,Cladoniaceae,Metus
Fungi,Ascomycota,Lecanoromycetes,Lecanorales,Cladoniaceae,Myelorrhiza
Fungi,Ascomycota,Lecanoromycetes,Lecanorales,Cladoniaceae,Notocladonia
Fungi,Ascomycota,Lecanoromycetes,Lecanorales,Cladoniaceae,Pilophorus
Fungi,Ascomycota,Lecanoromycetes,Lecanorales,Cladoniaceae,Pycnothelia
Fungi,Ascomycota,Lecanoromycetes,Lecanorales,Cladoniaceae,Sphaerophoropsis
Fungi,Ascomycota,Lecanoromycetes,Lecanorales,Cladoniaceae,Squamella
Fungi,Ascomycota,Lecanoromycetes,Lecanorales,Cladoniaceae,Thysanothecium
Fungi,Ascomycota,Lecanoromycetes,Lecanorales,Gypsoplacaceae,Gypsoplaca
Fungi,Ascomycota,Lecanoromycetes,Lecanorales,Haematommataceae,Haematomma
Fungi,Ascomycota,Lecanoromycetes,Lecanorales,Lecanoraceae,Ameliella
Fungi,Ascomycota,Lecanoromycetes,Lecanorales,Lecanoraceae,Bryodina
Fungi,Ascomycota,Lecanoromycetes,Lecanorales,Lecanoraceae,Bryonora
Fungi,Ascomycota,Lecanoromycetes,Lecanorales,Lecanoraceae,Cladidium
Fungi,Ascomycota,Lecanoromycetes,Lecanorales,Lecanoraceae,Claurouxia
Fungi,Ascomycota,Lecanoromycetes,Lecanorales,Lecanoraceae,Clauzadeana
Fungi,Ascomycota,Lecanoromycetes,Lecanorales,Lecanoraceae,Edrudia
Fungi,Ascomycota,Lecanoromycetes,Lecanorales,Lecanoraceae,Huea
Fungi,Ascomycota,Lecanoromycetes,Lecanorales,Lecanoraceae,Japewiella
Fungi,Ascomycota,Lecanoromycetes,Lecanorales,Lecanoraceae,Lecanora
Fungi,Ascomycota,Lecanoromycetes,Lecanorales,Lecanoraceae,Lecidella
Fungi,Ascomycota,Lecanoromycetes,Lecanorales,Lecanoraceae,Miriquidica
Fungi,Ascomycota,Lecanoromycetes,Lecanorales,Lecanoraceae,Myriolecis
Fungi,Ascomycota,Lecanoromycetes,Lecanorales,Lecanoraceae,Myrionora
Fungi,Ascomycota,Lecanoromycetes,Lecanorales,Lecanoraceae,Palicella
Fungi,Ascomycota,Lecanoromycetes,Lecanorales,Lecanoraceae,Protoparmeliopsis
Fungi,Ascomycota,Lecanoromycetes,Lecanorales,Lecanoraceae,Psorinia
Fungi,Ascomycota,Lecanoromycetes,Lecanorales,Lecanoraceae,Punctonora
Fungi,Ascomycota,Lecanoromycetes,Lecanorales,Lecanoraceae,Pyrrhospora
Fungi,Ascomycota,Lecanoromycetes,Lecanorales,Lecanoraceae,Rhizoplaca
Fungi,Ascomycota,Lecanoromycetes,Lecanorales,Lecanoraceae,Sagema
Fungi,Ascomycota,Lecanoromycetes,Lecanorales,Lecanoraceae,Sedelnikovaea
Fungi,Ascomycota,Lecanoromycetes,Lecanorales,Lecanoraceae,Traponora
Fungi,Ascomycota,Lecanoromycetes,Lecanorales,Lecanoraceae,Tylothallia
Fungi,Ascomycota,Lecanoromycetes,Lecanorales,Lecanoraceae,Vainionora
Fungi,Ascomycota,Lecanoromycetes,Lecanorales,Malmideaceae,Malmidea
Fungi,Ascomycota,Lecanoromycetes,Lecanorales,Malmideaceae,Savoronala
Fungi,Ascomycota,Lecanoromycetes,Lecanorales,Pachyascaceae,Pachyascus
Fungi,Ascomycota,Lecanoromycetes,Lecanorales,Parmeliaceae,Ahtiana
Fungi,Ascomycota,Lecanoromycetes,Lecanorales,Parmeliaceae,Alectoria
Fungi,Ascomycota,Lecanoromycetes,Lecanorales,Parmeliaceae,Allantoparmelia
Fungi,Ascomycota,Lecanoromycetes,Lecanorales,Parmeliaceae,Allocetraria
Fungi,Ascomycota,Lecanoromycetes,Lecanorales,Parmeliaceae,Anzia
Fungi,Ascomycota,Lecanoromycetes,Lecanorales,Parmeliaceae,Arctocetraria
Fungi,Ascomycota,Lecanoromycetes,Lecanorales,Parmeliaceae,Arctoparmelia
Fungi,Ascomycota,Lecanoromycetes,Lecanorales,Parmeliaceae,Asahinea
Fungi,Ascomycota,Lecanoromycetes,Lecanorales,Parmeliaceae,Austroparmelina
Fungi,Ascomycota,Lecanoromycetes,Lecanorales,Parmeliaceae,Brodoa
Fungi,Ascomycota,Lecanoromycetes,Lecanorales,Parmeliaceae,Bryocaulon
Fungi,Ascomycota,Lecanoromycetes,Lecanorales,Parmeliaceae,Bryoria
Fungi,Ascomycota,Lecanoromycetes,Lecanorales,Parmeliaceae,Bulbothrix
Fungi,Ascomycota,Lecanoromycetes,Lecanorales,Parmeliaceae,Canoparmelia
Fungi,Ascomycota,Lecanoromycetes,Lecanorales,Parmeliaceae,Cetraria
Fungi,Ascomycota,Lecanoromycetes,Lecanorales,Parmeliaceae,Cetrariella
Fungi,Ascomycota,Lecanoromycetes,Lecanorales,Parmeliaceae,Cetrelia
Fungi,Ascomycota,Lecanoromycetes,Lecanorales,Parmeliaceae,Cetreliopsis
Fungi,Ascomycota,Lecanoromycetes,Lecanorales,Parmeliaceae,Coelopogon
Fungi,Ascomycota,Lecanoromycetes,Lecanorales,Parmeliaceae,Cornicularia
Fungi,Ascomycota,Lecanoromycetes,Lecanorales,Parmeliaceae,Crespoa
Fungi,Ascomycota,Lecanoromycetes,Lecanorales,Parmeliaceae,Dactylina
Fungi,Ascomycota,Lecanoromycetes,Lecanorales,Parmeliaceae,Davidgallowaya
Fungi,Ascomycota,Lecanoromycetes,Lecanorales,Parmeliaceae,Emodomelanelia
Fungi,Ascomycota,Lecanoromycetes,Lecanorales,Parmeliaceae,Esslingeriana
Fungi,Ascomycota,Lecanoromycetes,Lecanorales,Parmeliaceae,Evernia
Fungi,Ascomycota,Lecanoromycetes,Lecanorales,Parmeliaceae,Everniopsis
Fungi,Ascomycota,Lecanoromycetes,Lecanorales,Parmeliaceae,Flavocetraria
Fungi,Ascomycota,Lecanoromycetes,Lecanorales,Parmeliaceae,Flavoparmelia
Fungi,Ascomycota,Lecanoromycetes,Lecanorales,Parmeliaceae,Flavopunctelia
Fungi,Ascomycota,Lecanoromycetes,Lecanorales,Parmeliaceae,Gowardia
Fungi,Ascomycota,Lecanoromycetes,Lecanorales,Parmeliaceae,Himantormia
Fungi,Ascomycota,Lecanoromycetes,Lecanorales,Parmeliaceae,Hypogymnia
Fungi,Ascomycota,Lecanoromycetes,Lecanorales,Parmeliaceae,Hypotrachyna
Fungi,Ascomycota,Lecanoromycetes,Lecanorales,Parmeliaceae,Imshaugia
Fungi,Ascomycota,Lecanoromycetes,Lecanorales,Parmeliaceae,Kaernefeltia
Fungi,Ascomycota,Lecanoromycetes,Lecanorales,Parmeliaceae,Letharia
Fungi,Ascomycota,Lecanoromycetes,Lecanorales,Parmeliaceae,Lethariella
Fungi,Ascomycota,Lecanoromycetes,Lecanorales,Parmeliaceae,Masonhalea
Fungi,Ascomycota,Lecanoromycetes,Lecanorales,Parmeliaceae,Melanelia
Fungi,Ascomycota,Lecanoromycetes,Lecanorales,Parmeliaceae,Melanelixia
Fungi,Ascomycota,Lecanoromycetes,Lecanorales,Parmeliaceae,Melanohalea
Fungi,Ascomycota,Lecanoromycetes,Lecanorales,Parmeliaceae,Menegazzia
Fungi,Ascomycota,Lecanoromycetes,Lecanorales,Parmeliaceae,Montanelia
Fungi,Ascomycota,Lecanoromycetes,Lecanorales,Parmeliaceae,Myelochroa
Fungi,Ascomycota,Lecanoromycetes,Lecanorales,Parmeliaceae,Nephromopsis
Fungi,Ascomycota,Lecanoromycetes,Lecanorales,Parmeliaceae,Nipponoparmelia
Fungi,Ascomycota,Lecanoromycetes,Lecanorales,Parmeliaceae,Nodobryoria
Fungi,Ascomycota,Lecanoromycetes,Lecanorales,Parmeliaceae,Notoparmelia
Fungi,Ascomycota,Lecanoromycetes,Lecanorales,Parmeliaceae,Omphalodium
Fungi,Ascomycota,Lecanoromycetes,Lecanorales,Parmeliaceae,Omphalora
Fungi,Ascomycota,Lecanoromycetes,Lecanorales,Parmeliaceae,Oropogon
Fungi,Ascomycota,Lecanoromycetes,Lecanorales,Parmeliaceae,Pannoparmelia
Fungi,Ascomycota,Lecanoromycetes,Lecanorales,Parmeliaceae,Parmelia
Fungi,Ascomycota,Lecanoromycetes,Lecanorales,Parmeliaceae,Parmelina
Fungi,Ascomycota,Lecanoromycetes,Lecanorales,Parmeliaceae,Parmelinella
Fungi,Ascomycota,Lecanoromycetes,Lecanorales,Parmeliaceae,Parmeliopsis
Fungi,Ascomycota,Lecanoromycetes,Lecanorales,Parmeliaceae,Parmotrema
Fungi,Ascomycota,Lecanoromycetes,Lecanorales,Parmeliaceae,Parmotremopsis
Fungi,Ascomycota,Lecanoromycetes,Lecanorales,Parmeliaceae,Platismatia
Fungi,Ascomycota,Lecanoromycetes,Lecanorales,Parmeliaceae,Pleurosticta
Fungi,Ascomycota,Lecanoromycetes,Lecanorales,Parmeliaceae,Protoparmelia
Fungi,Ascomycota,Lecanoromycetes,Lecanorales,Parmeliaceae,Protousnea
Fungi,Ascomycota,Lecanoromycetes,Lecanorales,Parmeliaceae,Pseudephebe
Fungi,Ascomycota,Lecanoromycetes,Lecanorales,Parmeliaceae,Pseudevernia
Fungi,Ascomycota,Lecanoromycetes,Lecanorales,Parmeliaceae,Pseudoparmelia
Fungi,Ascomycota,Lecanoromycetes,Lecanorales,Parmeliaceae,Psiloparmelia
Fungi,Ascomycota,Lecanoromycetes,Lecanorales,Parmeliaceae,Punctelia
Fungi,Ascomycota,Lecanoromycetes,Lecanorales,Parmeliaceae,Relicina
Fungi,Ascomycota,Lecanoromycetes,Lecanorales,Parmeliaceae,Remototrachyna
Fungi,Ascomycota,Lecanoromycetes,Lecanorales,Parmeliaceae,Sulcaria
Fungi,Ascomycota,Lecanoromycetes,Lecanorales,Parmeliaceae,Tuckermanella
Fungi,Ascomycota,Lecanoromycetes,Lecanorales,Parmeliaceae,Tuckermanopsis
Fungi,Ascomycota,Lecanoromycetes,Lecanorales,Parmeliaceae,Usnea
Fungi,Ascomycota,Lecanoromycetes,Lecanorales,Parmeliaceae,Usnocetraria
Fungi,Ascomycota,Lecanoromycetes,Lecanorales,Parmeliaceae,Vulpicida
Fungi,Ascomycota,Lecanoromycetes,Lecanorales,Parmeliaceae,Xanthoparmelia
Fungi,Ascomycota,Lecanoromycetes,Lecanorales,Pilocarpaceae,Badimiella
Fungi,Ascomycota,Lecanoromycetes,Lecanorales,Pilocarpaceae,Baflavia
Fungi,Ascomycota,Lecanoromycetes,Lecanorales,Pilocarpaceae,Bapalmuia
Fungi,Ascomycota,Lecanoromycetes,Lecanorales,Pilocarpaceae,Barubria
Fungi,Ascomycota,Lecanoromycetes,Lecanorales,Pilocarpaceae,Brasilicia
Fungi,Ascomycota,Lecanoromycetes,Lecanorales,Pilocarpaceae,Bryogomphus
Fungi,Ascomycota,Lecanoromycetes,Lecanorales,Pilocarpaceae,Byssolecania
Fungi,Ascomycota,Lecanoromycetes,Lecanorales,Pilocarpaceae,Byssoloma
Fungi,Ascomycota,Lecanoromycetes,Lecanorales,Pilocarpaceae,Calopadia
Fungi,Ascomycota,Lecanoromycetes,Lecanorales,Pilocarpaceae,Calopadiopsis
Fungi,Ascomycota,Lecanoromycetes,Lecanorales,Pilocarpaceae,Eugeniella
Fungi,Ascomycota,Lecanoromycetes,Lecanorales,Pilocarpaceae,Fellhanera
Fungi,Ascomycota,Lecanoromycetes,Lecanorales,Pilocarpaceae,Fellhaneropsis
Fungi,Ascomycota,Lecanoromycetes,Lecanorales,Pilocarpaceae,Kantvilasia
Fungi,Ascomycota,Lecanoromycetes,Lecanorales,Pilocarpaceae,Lasioloma
Fungi,Ascomycota,Lecanoromycetes,Lecanorales,Pilocarpaceae,Leimonis
Fungi,Ascomycota,Lecanoromycetes,Lecanorales,Pilocarpaceae,Loflammia
Fungi,Ascomycota,Lecanoromycetes,Lecanorales,Pilocarpaceae,Loflammiopsis
Fungi,Ascomycota,Lecanoromycetes,Lecanorales,Pilocarpaceae,Logilvia
Fungi,Ascomycota,Lecanoromycetes,Lecanorales,Pilocarpaceae,Micarea
Fungi,Ascomycota,Lecanoromycetes,Lecanorales,Pilocarpaceae,Podotara
Fungi,Ascomycota,Lecanoromycetes,Lecanorales,Pilocarpaceae,Pseudocalopadia
Fungi,Ascomycota,Lecanoromycetes,Lecanorales,Pilocarpaceae,Roccellinastrum
Fungi,Ascomycota,Lecanoromycetes,Lecanorales,Pilocarpaceae,Septotrapelia
Fungi,Ascomycota,Lecanoromycetes,Lecanorales,Pilocarpaceae,Sporopodiopsis
Fungi,Ascomycota,Lecanoromycetes,Lecanorales,Pilocarpaceae,Sporopodium
Fungi,Ascomycota,Lecanoromycetes,Lecanorales,Pilocarpaceae,Szczawinskia
Fungi,Ascomycota,Lecanoromycetes,Lecanorales,Pilocarpaceae,Tapellaria
Fungi,Ascomycota,Lecanoromycetes,Lecanorales,Pilocarpaceae,Tapellariopsis
Fungi,Ascomycota,Lecanoromycetes,Lecanorales,Psilolechiaceae,Psilolechia
Fungi,Ascomycota,Lecanoromycetes,Lecanorales,Psoraceae,Brianaria
Fungi,Ascomycota,Lecanoromycetes,Lecanorales,Psoraceae,Eremastrella
Fungi,Ascomycota,Lecanoromycetes,Lecanorales,Psoraceae,Glyphopeltis
Fungi,Ascomycota,Lecanoromycetes,Lecanorales,Psoraceae,Protoblastenia
Fungi,Ascomycota,Lecanoromycetes,Lecanorales,Psoraceae,Protomicarea
Fungi,Ascomycota,Lecanoromycetes,Lecanorales,Psoraceae,Psora
Fungi,Ascomycota,Lecanoromycetes,Lecanorales,Psoraceae,Psorula
Fungi,Ascomycota,Lecanoromycetes,Lecanorales,Ramalinaceae,Aciculopsora
Fungi,Ascomycota,Lecanoromycetes,Lecanorales,Ramalinaceae,Adelolecia
Fungi,Ascomycota,Lecanoromycetes,Lecanorales,Ramalinaceae,Arthrosporum
Fungi,Ascomycota,Lecanoromycetes,Lecanorales,Ramalinaceae,Auriculora
Fungi,Ascomycota,Lecanoromycetes,Lecanorales,Ramalinaceae,Bacidia
Fungi,Ascomycota,Lecanoromycetes,Lecanorales,Ramalinaceae,Bacidina
Fungi,Ascomycota,Lecanoromycetes,Lecanorales,Ramalinaceae,Bacidiopsora
Fungi,Ascomycota,Lecanoromycetes,Lecanorales,Ramalinaceae,Badimia
Fungi,Ascomycota,Lecanoromycetes,Lecanorales,Ramalinaceae,Bilimbia
Fungi,Ascomycota,Lecanoromycetes,Lecanorales,Ramalinaceae,Biatora
Fungi,Ascomycota,Lecanoromycetes,Lecanorales,Ramalinaceae,Catillochroma
Fungi,Ascomycota,Lecanoromycetes,Lecanorales,Ramalinaceae,Catinaria
Fungi,Ascomycota,Lecanoromycetes,Lecanorales,Ramalinaceae,Cenozosia
Fungi,Ascomycota,Lecanoromycetes,Lecanorales,Ramalinaceae,Cliostomum
Fungi,Ascomycota,Lecanoromycetes,Lecanorales,Ramalinaceae,Compsocladium
Fungi,Ascomycota,Lecanoromycetes,Lecanorales,Ramalinaceae,Crocynia
Fungi,Ascomycota,Lecanoromycetes,Lecanorales,Ramalinaceae,Crustospathula
Fungi,Ascomycota,Lecanoromycetes,Lecanorales,Ramalinaceae,Echidnocymbium
Fungi,Ascomycota,Lecanoromycetes,Lecanorales,Ramalinaceae,Eschatogonia
Fungi,Ascomycota,Lecanoromycetes,Lecanorales,Ramalinaceae,Frutidella
Fungi,Ascomycota,Lecanoromycetes,Lecanorales,Ramalinaceae,Heppsora
Fungi,Ascomycota,Lecanoromycetes,Lecanorales,Ramalinaceae,Herteliana
Fungi,Ascomycota,Lecanoromycetes,Lecanorales,Ramalinaceae,Japewia
Fungi,Ascomycota,Lecanoromycetes,Lecanorales,Ramalinaceae,Jarmania
Fungi,Ascomycota,Lecanoromycetes,Lecanorales,Ramalinaceae,Krogia
Fungi,Ascomycota,Lecanoromycetes,Lecanorales,Ramalinaceae,Lecania
Fungi,Ascomycota,Lecanoromycetes,Lecanorales,Ramalinaceae,Lopezaria
Fungi,Ascomycota,Lecanoromycetes,Lecanorales,Ramalinaceae,Lueckingia
Fungi,Ascomycota,Lecanoromycetes,Lecanorales,Ramalinaceae,Megalaria
Fungi,Ascomycota,Lecanoromycetes,Lecanorales,Ramalinaceae,Niebla
Fungi,Ascomycota,Lecanoromycetes,Lecanorales,Ramalinaceae,Phyllopsora
Fungi,Ascomycota,Lecanoromycetes,Lecanorales,Ramalinaceae,Physcidia
Fungi,Ascomycota,Lecanoromycetes,Lecanorales,Ramalinaceae,Pseudohepatica
Fungi,Ascomycota,Lecanoromycetes,Lecanorales,Ramalinaceae,Ramalina
Fungi,Ascomycota,Lecanoromycetes,Lecanorales,Ramalinaceae,Rolfidium
Fungi,Ascomycota,Lecanoromycetes,Lecanorales,Ramalinaceae,Schadonia
Fungi,Ascomycota,Lecanoromycetes,Lecanorales,Ramalinaceae,Stirtoniella
Fungi,Ascomycota,Lecanoromycetes,Lecanorales,Ramalinaceae,Tasmidella
Fungi,Ascomycota,Lecanoromycetes,Lecanorales,Ramalinaceae,Thamnolecania
Fungi,Ascomycota,Lecanoromycetes,Lecanorales,Ramalinaceae,Tibellia
Fungi,Ascomycota,Lecanoromycetes,Lecanorales,Ramalinaceae,Toninia
Fungi,Ascomycota,Lecanoromycetes,Lecanorales,Ramalinaceae,Toniniopsis
Fungi,Ascomycota,Lecanoromycetes,Lecanorales,Ramalinaceae,Waynea
Fungi,Ascomycota,Lecanoromycetes,Lecanorales,Ramboldiaceae,Ramboldia
Fungi,Ascomycota,Lecanoromycetes,Lecanorales,Scoliciosporaceae,Scoliciosporum
Fungi,Ascomycota,Lecanoromycetes,Lecanorales,Sphaerophoraceae,Austropeltum
Fungi,Ascomycota,Lecanoromycetes,Lecanorales,Sphaerophoraceae,Bunodophoron
Fungi,Ascomycota,Lecanoromycetes,Lecanorales,Sphaerophoraceae,Calycidium
Fungi,Ascomycota,Lecanoromycetes,Lecanorales,Sphaerophoraceae,Leifidium
Fungi,Ascomycota,Lecanoromycetes,Lecanorales,Sphaerophoraceae,Neophyllis
Fungi,Ascomycota,Lecanoromycetes,Lecanorales,Sphaerophoraceae,Sphaerophorus
Fungi,Ascomycota,Lecanoromycetes,Lecanorales,Stereocaulaceae,Hertelidea
Fungi,Ascomycota,Lecanoromycetes,Lecanorales,Stereocaulaceae,Lepraria
Fungi,Ascomycota,Lecanoromycetes,Lecanorales,Stereocaulaceae,Stereocaulon
Fungi,Ascomycota,Lecanoromycetes,Lecanorales,Stereocaulaceae,Squamarina
Fungi,Ascomycota,Lecanoromycetes,Lecanorales,Stereocaulaceae,Xyleborus
Fungi,Ascomycota,Lecanoromycetes,Lecanorales,Tephromelataceae,Calvitimela
Fungi,Ascomycota,Lecanoromycetes,Lecanorales,Tephromelataceae,Mycoblastus
Fungi,Ascomycota,Lecanoromycetes,Lecanorales,Tephromelataceae,Tephromela
Fungi,Ascomycota,Lecanoromycetes,Lecanorales,Tephromelataceae,Violella
Fungi,Ascomycota,Lecanoromycetes,Lecanorales,,Coronoplectrum
Fungi,Ascomycota,Lecanoromycetes,Lecanorales,,Ivanpisutia
Fungi,Ascomycota,Lecanoromycetes,Lecanorales,,Joergensenia
Fungi,Ascomycota,Lecanoromycetes,Lecanorales,,Myochroidea
Fungi,Ascomycota,Lecanoromycetes,Lecanorales,,Neopsoromopsis
Fungi,Ascomycota,Lecanoromycetes,Lecanorales,,Psoromella
Fungi,Ascomycota,Lecanoromycetes,Lecanorales,,Puttea
Fungi,Ascomycota,Lecanoromycetes,Lecanorales,,Ramalea
Fungi,Ascomycota,Lecanoromycetes,Lecideales,Lecideaceae,Amygdalaria
Fungi,Ascomycota,Lecanoromycetes,Lecideales,Lecideaceae,Bahianora
Fungi,Ascomycota,Lecanoromycetes,Lecideales,Lecideaceae,Bellemerea
Fungi,Ascomycota,Lecanoromycetes,Lecideales,Lecideaceae,Bryobilimbia
Fungi,Ascomycota,Lecanoromycetes,Lecideales,Lecideaceae,Catarrhospora
Fungi,Ascomycota,Lecanoromycetes,Lecideales,Lecideaceae,Cecidonia
Fungi,Ascomycota,Lecanoromycetes,Lecideales,Lecideaceae,Clauzadea
Fungi,Ascomycota,Lecanoromycetes,Lecideales,Lecideaceae,Cryptodictyon
Fungi,Ascomycota,Lecanoromycetes,Lecideales,Lecideaceae,Farnoldia
Fungi,Ascomycota,Lecanoromycetes,Lecideales,Lecideaceae,Immersaria
Fungi,Ascomycota,Lecanoromycetes,Lecideales,Lecideaceae,Koerberiella
Fungi,Ascomycota,Lecanoromycetes,Lecideales,Lecideaceae,Labyrintha
Fungi,Ascomycota,Lecanoromycetes,Lecideales,Lecideaceae,Lecidea
Fungi,Ascomycota,Lecanoromycetes,Lecideales,Lecideaceae,Lecidoma
Fungi,Ascomycota,Lecanoromycetes,Lecideales,Lecideaceae,Melanolecia
Fungi,Ascomycota,Lecanoromycetes,Lecideales,Lecideaceae,Mycobilimbia
Fungi,Ascomycota,Lecanoromycetes,Lecideales,Lecideaceae,Pachyphysis
Fungi,Ascomycota,Lecanoromycetes,Lecideales,Lecideaceae,Paraporpidia
Fungi,Ascomycota,Lecanoromycetes,Lecideales,Lecideaceae,Poeltiaria
Fungi,Ascomycota,Lecanoromycetes,Lecideales,Lecideaceae,Poeltidea
Fungi,Ascomycota,Lecanoromycetes,Lecideales,Lecideaceae,Porpidia
Fungi,Ascomycota,Lecanoromycetes,Lecideales,Lecideaceae,Pseudopannaria
Fungi,Ascomycota,Lecanoromycetes,Lecideales,Lecideaceae,Rhizolecia
Fungi,Ascomycota,Lecanoromycetes,Lecideales,Lecideaceae,Romjularia
Fungi,Ascomycota,Lecanoromycetes,Lecideales,Lecideaceae,Schizodiscus
Fungi,Ascomycota,Lecanoromycetes,Lecideales,Lecideaceae,Stenhammarella
Fungi,Ascomycota,Lecanoromycetes,Lecideales,Lecideaceae,Stephanocyclos
Fungi,Ascomycota,Lecanoromycetes,Lecideales,Lecideaceae,Xenolecia
Fungi,Ascomycota,Lecanoromycetes,Lecideales,Lopadiaceae,Lopadium
Fungi,Ascomycota,Lecanoromycetes,Leprocaulales,Leprocaulaceae,Halecania
Fungi,Ascomycota,Lecanoromycetes,Leprocaulales,Leprocaulaceae,Leprocaulon
Fungi,Ascomycota,Lecanoromycetes,Leprocaulales,Leprocaulaceae,Speerschneidera
Fungi,Ascomycota,Lecanoromycetes,Peltigerales,Coccocarpiaceae,Coccocarpia
Fungi,Ascomycota,Lecanoromycetes,Peltigerales,Coccocarpiaceae,Peltularia
Fungi,Ascomycota,Lecanoromycetes,Peltigerales,Coccocarpiaceae,Spilonema
Fungi,Ascomycota,Lecanoromycetes,Peltigerales,Collemataceae,Blennothallia
Fungi,Ascomycota,Lecanoromycetes,Peltigerales,Collemataceae,Callome
Fungi,Ascomycota,Lecanoromycetes,Peltigerales,Collemataceae,Collema
Fungi,Ascomycota,Lecanoromycetes,Peltigerales,Collemataceae,Enchylium
Fungi,Ascomycota,Lecanoromycetes,Peltigerales,Collemataceae,Lathagrium
Fungi,Ascomycota,Lecanoromycetes,Peltigerales,Collemataceae,Leptogium
Fungi,Ascomycota,Lecanoromycetes,Peltigerales,Collemataceae,Paracollema
Fungi,Ascomycota,Lecanoromycetes,Peltigerales,Collemataceae,Pseudoleptogium
Fungi,Ascomycota,Lecanoromycetes,Peltigerales,Collemataceae,Rostania
Fungi,Ascomycota,Lecanoromycetes,Peltigerales,Collemataceae,Scytinium
Fungi,Ascomycota,Lecanoromycetes,Peltigerales,Pannariaceae,Austrella
Fungi,Ascomycota,Lecanoromycetes,Peltigerales,Pannariaceae,Degelia
Fungi,Ascomycota,Lecanoromycetes,Peltigerales,Pannariaceae,Degeliella
Fungi,Ascomycota,Lecanoromycetes,Peltigerales,Pannariaceae,Erioderma
Fungi,Ascomycota,Lecanoromycetes,Peltigerales,Pannariaceae,Fuscoderma
Fungi,Ascomycota,Lecanoromycetes,Peltigerales,Pannariaceae,Fuscopannaria
Fungi,Ascomycota,Lecanoromycetes,Peltigerales,Pannariaceae,Gibbosporina
Fungi,Ascomycota,Lecanoromycetes,Peltigerales,Pannariaceae,Homothecium
Fungi,Ascomycota,Lecanoromycetes,Peltigerales,Pannariaceae,Hosseusia
Fungi,Ascomycota,Lecanoromycetes,Peltigerales,Pannariaceae,Kroswia
Fungi,Ascomycota,Lecanoromycetes,Peltigerales,Pannariaceae,Leciophysma
Fungi,Ascomycota,Lecanoromycetes,Peltigerales,Pannariaceae,Leightoniella
Fungi,Ascomycota,Lecanoromycetes,Peltigerales,Pannariaceae,Leioderma
Fungi,Ascomycota,Lecanoromycetes,Peltigerales,Pannariaceae,Lepidocollema
Fungi,Ascomycota,Lecanoromycetes,Peltigerales,Pannariaceae,Leptogidium
Fungi,Ascomycota,Lecanoromycetes,Peltigerales,Pannariaceae,Nebularia
Fungi,Ascomycota,Lecanoromycetes,Peltigerales,Pannariaceae,Nevesia
Fungi,Ascomycota,Lecanoromycetes,Peltigerales,Pannariaceae,Pannaria
Fungi,Ascomycota,Lecanoromycetes,Peltigerales,Pannariaceae,Parmeliella
Fungi,Ascomycota,Lecanoromycetes,Peltigerales,Pannariaceae,Pectenia
Fungi,Ascomycota,Lecanoromycetes,Peltigerales,Pannariaceae,Physma
Fungi,Ascomycota,Lecanoromycetes,Peltigerales,Pannariaceae,Protopannaria
Fungi,Ascomycota,Lecanoromycetes,Peltigerales,Pannariaceae,Psoroma
Fungi,Ascomycota,Lecanoromycetes,Peltigerales,Pannariaceae,Psoromidium
Fungi,Ascomycota,Lecanoromycetes,Peltigerales,Pannariaceae,Ramalodium
Fungi,Ascomycota,Lecanoromycetes,Peltigerales,Pannariaceae,Siphulastrum
Fungi,Ascomycota,Lecanoromycetes,Peltigerales,Pannariaceae,Staurolemma
Fungi,Ascomycota,Lecanoromycetes,Peltigerales,Pannariaceae,Steineropsis
Fungi,Ascomycota,Lecanoromycetes,Peltigerales,Placynthiaceae,Hertella
Fungi,Ascomycota,Lecanoromycetes,Peltigerales,Placynthiaceae,Placynthiopsis
Fungi,Ascomycota,Lecanoromycetes,Peltigerales,Placynthiaceae,Placynthium
Fungi,Ascomycota,Lecanoromycetes,Peltigerales,Koerberiaceae,Koerberia
Fungi,Ascomycota,Lecanoromycetes,Peltigerales,Koerberiaceae,Steinera
Fungi,Ascomycota,Lecanoromycetes,Peltigerales,Koerberiaceae,Vestergrenopsis
Fungi,Ascomycota,Lecanoromycetes,Peltigerales,Lobariaceae,Crocodia
Fungi,Ascomycota,Lecanoromycetes,Peltigerales,Lobariaceae,Dendriscosticta
Fungi,Ascomycota,Lecanoromycetes,Peltigerales,Lobariaceae,Lobaria
Fungi,Ascomycota,Lecanoromycetes,Peltigerales,Lobariaceae,Lobariella
Fungi,Ascomycota,Lecanoromycetes,Peltigerales,Lobariaceae,Lobarina
Fungi,Ascomycota,Lecanoromycetes,Peltigerales,Lobariaceae,Parmostictina
Fungi,Ascomycota,Lecanoromycetes,Peltigerales,Lobariaceae,Podostictina
Fungi,Ascomycota,Lecanoromycetes,Peltigerales,Lobariaceae,Pseudocyphellaria
Fungi,Ascomycota,Lecanoromycetes,Peltigerales,Lobariaceae,Ricasolia
Fungi,Ascomycota,Lecanoromycetes,Peltigerales,Lobariaceae,Sticta
Fungi,Ascomycota,Lecanoromycetes,Peltigerales,Lobariaceae,Yarrumia
Fungi,Ascomycota,Lecanoromycetes,Peltigerales,Lobariaceae,Yoshimuriella
Fungi,Ascomycota,Lecanoromycetes,Peltigerales,Massalongiaceae,Leptochidium
Fungi,Ascomycota,Lecanoromycetes,Peltigerales,Massalongiaceae,Massalongia
Fungi,Ascomycota,Lecanoromycetes,Peltigerales,Massalongiaceae,Polychidium
Fungi,Ascomycota,Lecanoromycetes,Peltigerales,Nephromataceae,Nephroma
Fungi,Ascomycota,Lecanoromycetes,Peltigerales,Peltigeraceae,Peltigera
Fungi,Ascomycota,Lecanoromycetes,Peltigerales,Peltigeraceae,Solorina
Fungi,Ascomycota,Lecanoromycetes,Peltigerales,Vahliellaceae,Vahliella
Fungi,Ascomycota,Lecanoromycetes,Peltigerales,,Erinacellus
Fungi,Ascomycota,Lecanoromycetes,Rhizocarpales,Rhizocarpaceae,Catolechia
Fungi,Ascomycota,Lecanoromycetes,Rhizocarpales,Rhizocarpaceae,Epilichen
Fungi,Ascomycota,Lecanoromycetes,Rhizocarpales,Rhizocarpaceae,Poeltinula
Fungi,Ascomycota,Lecanoromycetes,Rhizocarpales,Rhizocarpaceae,Rhizocarpon
Fungi,Ascomycota,Lecanoromycetes,Rhizocarpales,Sporastatiaceae,Sporastatia
Fungi,Ascomycota,Lecanoromycetes,Rhizocarpales,Sporastatiaceae,Toensbergia
Fungi,Ascomycota,Lecanoromycetes,Teloschistales,Brigantieaceae,Brigantiaea
Fungi,Ascomycota,Lecanoromycetes,Teloschistales,Letrouitiaceae,Letrouitia
Fungi,Ascomycota,Lecanoromycetes,Teloschistales,Megalosporaceae,Megaloblastenia
Fungi,Ascomycota,Lecanoromycetes,Teloschistales,Megalosporaceae,Megalospora
Fungi,Ascomycota,Lecanoromycetes,Teloschistales,Megalosporaceae,Sipmaniella
Fungi,Ascomycota,Lecanoromycetes,Teloschistales,Teloschistaceae,Brownliella
Fungi,Ascomycota,Lecanoromycetes,Teloschistales,Teloschistaceae,Lazarenkoella
Fungi,Ascomycota,Lecanoromycetes,Teloschistales,Teloschistaceae,Marchantiana
Fungi,Ascomycota,Lecanoromycetes,Teloschistales,Teloschistaceae,Raesaeneniana
Fungi,Ascomycota,Lecanoromycetes,Teloschistales,Teloschistaceae,Streimanniella
Fungi,Ascomycota,Lecanoromycetes,Teloschistales,Teloschistaceae,Tarasginia
Fungi,Ascomycota,Lecanoromycetes,Teloschistales,Teloschistaceae,Tayloriellina
Fungi,Ascomycota,Lecanoromycetes,Teloschistales,Teloschistaceae,Thelliana
Fungi,Ascomycota,Lecanoromycetes,Teloschistales,Teloschistaceae,Apatoplaca
Fungi,Ascomycota,Lecanoromycetes,Teloschistales,Teloschistaceae,Blastenia
Fungi,Ascomycota,Lecanoromycetes,Teloschistales,Teloschistaceae,Bryoplaca
Fungi,Ascomycota,Lecanoromycetes,Teloschistales,Teloschistaceae,Caloplaca
Fungi,Ascomycota,Lecanoromycetes,Teloschistales,Teloschistaceae,Cephalophysis
Fungi,Ascomycota,Lecanoromycetes,Teloschistales,Teloschistaceae,Eilifdahlia
Fungi,Ascomycota,Lecanoromycetes,Teloschistales,Teloschistaceae,Fauriea
Fungi,Ascomycota,Lecanoromycetes,Teloschistales,Teloschistaceae,Franwilsia
Fungi,Ascomycota,Lecanoromycetes,Teloschistales,Teloschistaceae,Gyalolechia
Fungi,Ascomycota,Lecanoromycetes,Teloschistales,Teloschistaceae,Huneckia
Fungi,Ascomycota,Lecanoromycetes,Teloschistales,Teloschistaceae,Ioplaca
Fungi,Ascomycota,Lecanoromycetes,Teloschistales,Teloschistaceae,Jasonhuria
Fungi,Ascomycota,Lecanoromycetes,Teloschistales,Teloschistaceae,Leproplaca
Fungi,Ascomycota,Lecanoromycetes,Teloschistales,Teloschistaceae,Loekoesia
Fungi,Ascomycota,Lecanoromycetes,Teloschistales,Teloschistaceae,Olegblumia
Fungi,Ascomycota,Lecanoromycetes,Teloschistales,Teloschistaceae,Pyrenodesmia
Fungi,Ascomycota,Lecanoromycetes,Teloschistales,Teloschistaceae,Rufoplaca
Fungi,Ascomycota,Lecanoromycetes,Teloschistales,Teloschistaceae,Seirophora
Fungi,Ascomycota,Lecanoromycetes,Teloschistales,Teloschistaceae,Usnochroma
Fungi,Ascomycota,Lecanoromycetes,Teloschistales,Teloschistaceae,Variospora
Fungi,Ascomycota,Lecanoromycetes,Teloschistales,Teloschistaceae,Yoshimuria
Fungi,Ascomycota,Lecanoromycetes,Teloschistales,Teloschistaceae,Catenarina
Fungi,Ascomycota,Lecanoromycetes,Teloschistales,Teloschistaceae,Filsoniana
Fungi,Ascomycota,Lecanoromycetes,Teloschistales,Teloschistaceae,Follmannia
Fungi,Ascomycota,Lecanoromycetes,Teloschistales,Teloschistaceae,Haloplaca
Fungi,Ascomycota,Lecanoromycetes,Teloschistales,Teloschistaceae,Josefpoeltia
Fungi,Ascomycota,Lecanoromycetes,Teloschistales,Teloschistaceae,Kaernefia
Fungi,Ascomycota,Lecanoromycetes,Teloschistales,Teloschistaceae,Scutaria
Fungi,Ascomycota,Lecanoromycetes,Teloschistales,Teloschistaceae,Sirenophila
Fungi,Ascomycota,Lecanoromycetes,Teloschistales,Teloschistaceae,Stellarangia
Fungi,Ascomycota,Lecanoromycetes,Teloschistales,Teloschistaceae,Tassiloa
Fungi,Ascomycota,Lecanoromycetes,Teloschistales,Teloschistaceae,Teloschistes
Fungi,Ascomycota,Lecanoromycetes,Teloschistales,Teloschistaceae,Teloschistopsis
Fungi,Ascomycota,Lecanoromycetes,Teloschistales,Teloschistaceae,Villophora
Fungi,Ascomycota,Lecanoromycetes,Teloschistales,Teloschistaceae,Wetmoreana
Fungi,Ascomycota,Lecanoromycetes,Teloschistales,Teloschistaceae,Amundsenia
Fungi,Ascomycota,Lecanoromycetes,Teloschistales,Teloschistaceae,Athallia
Fungi,Ascomycota,Lecanoromycetes,Teloschistales,Teloschistaceae,Austroplaca
Fungi,Ascomycota,Lecanoromycetes,Teloschistales,Teloschistaceae,Calogaya
Fungi,Ascomycota,Lecanoromycetes,Teloschistales,Teloschistaceae,Cerothallia
Fungi,Ascomycota,Lecanoromycetes,Teloschistales,Teloschistaceae,Charcotiana
Fungi,Ascomycota,Lecanoromycetes,Teloschistales,Teloschistaceae,Dufourea
Fungi,Ascomycota,Lecanoromycetes,Teloschistales,Teloschistaceae,Flavoplaca
Fungi,Ascomycota,Lecanoromycetes,Teloschistales,Teloschistaceae,Gondwania
Fungi,Ascomycota,Lecanoromycetes,Teloschistales,Teloschistaceae,Orientophila
Fungi,Ascomycota,Lecanoromycetes,Teloschistales,Teloschistaceae,Pachypeltis
Fungi,Ascomycota,Lecanoromycetes,Teloschistales,Teloschistaceae,Parvoplaca
Fungi,Ascomycota,Lecanoromycetes,Teloschistales,Teloschistaceae,Polycauliona
Fungi,Ascomycota,Lecanoromycetes,Teloschistales,Teloschistaceae,Rusavskia
Fungi,Ascomycota,Lecanoromycetes,Teloschistales,Teloschistaceae,Shackletonia
Fungi,Ascomycota,Lecanoromycetes,Teloschistales,Teloschistaceae,Solitaria
Fungi,Ascomycota,Lecanoromycetes,Teloschistales,Teloschistaceae,Squamulea
Fungi,Ascomycota,Lecanoromycetes,Teloschistales,Teloschistaceae,Xanthocarpia
Fungi,Ascomycota,Lecanoromycetes,Teloschistales,Teloschistaceae,Xanthomendoza
Fungi,Ascomycota,Lecanoromycetes,Teloschistales,Teloschistaceae,Xanthopeltis
Fungi,Ascomycota,Lecanoromycetes,Teloschistales,Teloschistaceae,Xanthoria
Fungi,Ascomycota,Lecanoromycetes,Teloschistales,Teloschistaceae,Zeroviella
Fungi,Ascomycota,Lecanoromycetes,Teloschistales,,Malcolmiella
Fungi,Ascomycota,Lecanoromycetes,,Helocarpaceae,Helocarpon
Fungi,Ascomycota,Lecanoromycetes,Arctomiales,Arctomiaceae,Arctomia
Fungi,Ascomycota,Lecanoromycetes,Arctomiales,Arctomiaceae,Gregorella
Fungi,Ascomycota,Lecanoromycetes,Arctomiales,Arctomiaceae,Wawea
Fungi,Ascomycota,Lecanoromycetes,Baeomycetales,Baeomycetaceae,Ainoa
Fungi,Ascomycota,Lecanoromycetes,Baeomycetales,Baeomycetaceae,Anamylopsora
Fungi,Ascomycota,Lecanoromycetes,Baeomycetales,Baeomycetaceae,Baeomyces
Fungi,Ascomycota,Lecanoromycetes,Baeomycetales,Baeomycetaceae,Parainoa
Fungi,Ascomycota,Lecanoromycetes,Baeomycetales,Baeomycetaceae,Phyllobaeis
Fungi,Ascomycota,Lecanoromycetes,Baeomycetales,Cameroniaceae,Cameronia
Fungi,Ascomycota,Lecanoromycetes,Hymeneliales,Hymeneliaceae,Hymenelia
Fungi,Ascomycota,Lecanoromycetes,Hymeneliales,Hymeneliaceae,Ionaspis
Fungi,Ascomycota,Lecanoromycetes,Hymeneliales,Hymeneliaceae,Tremolecia
Fungi,Ascomycota,Lecanoromycetes,Ostropales,Coenogoniaceae,Coenogonium
Fungi,Ascomycota,Lecanoromycetes,Ostropales,Gomphillaceae,Actinoplaca
Fungi,Ascomycota,Lecanoromycetes,Ostropales,Gomphillaceae,Aderkomyces
Fungi,Ascomycota,Lecanoromycetes,Ostropales,Gomphillaceae,Aplanocalenia
Fungi,Ascomycota,Lecanoromycetes,Ostropales,Gomphillaceae,Arthotheliopsis
Fungi,Ascomycota,Lecanoromycetes,Ostropales,Gomphillaceae,Asterothyrium
Fungi,Ascomycota,Lecanoromycetes,Ostropales,Gomphillaceae,Aulaxina
Fungi,Ascomycota,Lecanoromycetes,Ostropales,Gomphillaceae,Calenia
Fungi,Ascomycota,Lecanoromycetes,Ostropales,Gomphillaceae,Caleniopsis
Fungi,Ascomycota,Lecanoromycetes,Ostropales,Gomphillaceae,Diploschistella
Fungi,Ascomycota,Lecanoromycetes,Ostropales,Gomphillaceae,Echinoplaca
Fungi,Ascomycota,Lecanoromycetes,Ostropales,Gomphillaceae,Ferraroa
Fungi,Ascomycota,Lecanoromycetes,Ostropales,Gomphillaceae,Gomphillus
Fungi,Ascomycota,Lecanoromycetes,Ostropales,Gomphillaceae,Gyalectidium
Fungi,Ascomycota,Lecanoromycetes,Ostropales,Gomphillaceae,Gyalidea
Fungi,Ascomycota,Lecanoromycetes,Ostropales,Gomphillaceae,Gyalideopsis
Fungi,Ascomycota,Lecanoromycetes,Ostropales,Gomphillaceae,Hippocrepidea
Fungi,Ascomycota,Lecanoromycetes,Ostropales,Gomphillaceae,Jamesiella
Fungi,Ascomycota,Lecanoromycetes,Ostropales,Gomphillaceae,Lithogyalideopsis
Fungi,Ascomycota,Lecanoromycetes,Ostropales,Gomphillaceae,Paratricharia
Fungi,Ascomycota,Lecanoromycetes,Ostropales,Gomphillaceae,Phyllogyalidea
Fungi,Ascomycota,Lecanoromycetes,Ostropales,Gomphillaceae,Psorotheciopsis
Fungi,Ascomycota,Lecanoromycetes,Ostropales,Gomphillaceae,Rolueckia
Fungi,Ascomycota,Lecanoromycetes,Ostropales,Gomphillaceae,Rubrotricha
Fungi,Ascomycota,Lecanoromycetes,Ostropales,Gomphillaceae,Tricharia
Fungi,Ascomycota,Lecanoromycetes,Ostropales,Graphidaceae,Clandestinotrema
Fungi,Ascomycota,Lecanoromycetes,Ostropales,Graphidaceae,Cruentotrema
Fungi,Ascomycota,Lecanoromycetes,Ostropales,Graphidaceae,Dyplolabia
Fungi,Ascomycota,Lecanoromycetes,Ostropales,Graphidaceae,Enigmotrema
Fungi,Ascomycota,Lecanoromycetes,Ostropales,Graphidaceae,Fissurina
Fungi,Ascomycota,Lecanoromycetes,Ostropales,Graphidaceae,Pycnotrema
Fungi,Ascomycota,Lecanoromycetes,Ostropales,Graphidaceae,Acanthothecis
Fungi,Ascomycota,Lecanoromycetes,Ostropales,Graphidaceae,Acanthotrema
Fungi,Ascomycota,Lecanoromycetes,Ostropales,Graphidaceae,Aggregatorygma
Fungi,Ascomycota,Lecanoromycetes,Ostropales,Graphidaceae,Amazonotrema
Fungi,Ascomycota,Lecanoromycetes,Ostropales,Graphidaceae,Ampliotrema
Fungi,Ascomycota,Lecanoromycetes,Ostropales,Graphidaceae,Anomalographis
Fungi,Ascomycota,Lecanoromycetes,Ostropales,Graphidaceae,Anomomorpha
Fungi,Ascomycota,Lecanoromycetes,Ostropales,Graphidaceae,Asteristion
Fungi,Ascomycota,Lecanoromycetes,Ostropales,Graphidaceae,Astrochapsa
Fungi,Ascomycota,Lecanoromycetes,Ostropales,Graphidaceae,Austrotrema
Fungi,Ascomycota,Lecanoromycetes,Ostropales,Graphidaceae,Borinquenotrema
Fungi,Ascomycota,Lecanoromycetes,Ostropales,Graphidaceae,Byssotrema
Fungi,Ascomycota,Lecanoromycetes,Ostropales,Graphidaceae,Carbacanthographis
Fungi,Ascomycota,Lecanoromycetes,Ostropales,Graphidaceae,Chapsa
Fungi,Ascomycota,Lecanoromycetes,Ostropales,Graphidaceae,Chroodiscus
Fungi,Ascomycota,Lecanoromycetes,Ostropales,Graphidaceae,Compositrema
Fungi,Ascomycota,Lecanoromycetes,Ostropales,Graphidaceae,Corticorygma
Fungi,Ascomycota,Lecanoromycetes,Ostropales,Graphidaceae,Creographa
Fungi,Ascomycota,Lecanoromycetes,Ostropales,Graphidaceae,Crutarndina
Fungi,Ascomycota,Lecanoromycetes,Ostropales,Graphidaceae,Diaphorographis
Fungi,Ascomycota,Lecanoromycetes,Ostropales,Graphidaceae,Diorygma
Fungi,Ascomycota,Lecanoromycetes,Ostropales,Graphidaceae,Diploschistes
Fungi,Ascomycota,Lecanoromycetes,Ostropales,Graphidaceae,Fibrillithecis
Fungi,Ascomycota,Lecanoromycetes,Ostropales,Graphidaceae,Flegographa
Fungi,Ascomycota,Lecanoromycetes,Ostropales,Graphidaceae,Gintarasia
Fungi,Ascomycota,Lecanoromycetes,Ostropales,Graphidaceae,Glaucotrema
Fungi,Ascomycota,Lecanoromycetes,Ostropales,Graphidaceae,Glyphis
Fungi,Ascomycota,Lecanoromycetes,Ostropales,Graphidaceae,Graphis
Fungi,Ascomycota,Lecanoromycetes,Ostropales,Graphidaceae,Gyrotrema
Fungi,Ascomycota,Lecanoromycetes,Ostropales,Graphidaceae,Halegrapha
Fungi,Ascomycota,Lecanoromycetes,Ostropales,Graphidaceae,Heiomasia
Fungi,Ascomycota,Lecanoromycetes,Ostropales,Graphidaceae,Hemithecium
Fungi,Ascomycota,Lecanoromycetes,Ostropales,Graphidaceae,Kalbographa
Fungi,Ascomycota,Lecanoromycetes,Ostropales,Graphidaceae,Leiorreuma
Fungi,Ascomycota,Lecanoromycetes,Ostropales,Graphidaceae,Leucodecton
Fungi,Ascomycota,Lecanoromycetes,Ostropales,Graphidaceae,Malmographina
Fungi,Ascomycota,Lecanoromycetes,Ostropales,Graphidaceae,Mangoldia
Fungi,Ascomycota,Lecanoromycetes,Ostropales,Graphidaceae,Melanotopelia
Fungi,Ascomycota,Lecanoromycetes,Ostropales,Graphidaceae,Melanotrema
Fungi,Ascomycota,Lecanoromycetes,Ostropales,Graphidaceae,Myriochapsa
Fungi,Ascomycota,Lecanoromycetes,Ostropales,Graphidaceae,Myriotrema
Fungi,Ascomycota,Lecanoromycetes,Ostropales,Graphidaceae,Nadvornikia
Fungi,Ascomycota,Lecanoromycetes,Ostropales,Graphidaceae,Nitidochapsa
Fungi,Ascomycota,Lecanoromycetes,Ostropales,Graphidaceae,Ocellularia
Fungi,Ascomycota,Lecanoromycetes,Ostropales,Graphidaceae,Pallidogramme
Fungi,Ascomycota,Lecanoromycetes,Ostropales,Graphidaceae,Paratopeliopsis
Fungi,Ascomycota,Lecanoromycetes,Ostropales,Graphidaceae,Phaeographis
Fungi,Ascomycota,Lecanoromycetes,Ostropales,Graphidaceae,Phaeographopsis
Fungi,Ascomycota,Lecanoromycetes,Ostropales,Graphidaceae,Platygramme
Fungi,Ascomycota,Lecanoromycetes,Ostropales,Graphidaceae,Platythecium
Fungi,Ascomycota,Lecanoromycetes,Ostropales,Graphidaceae,Pliariona
Fungi,Ascomycota,Lecanoromycetes,Ostropales,Graphidaceae,Polistroma
Fungi,Ascomycota,Lecanoromycetes,Ostropales,Graphidaceae,Pseudochapsa
Fungi,Ascomycota,Lecanoromycetes,Ostropales,Graphidaceae,Pseudoramonia
Fungi,Ascomycota,Lecanoromycetes,Ostropales,Graphidaceae,Pseudotopeliopsis
Fungi,Ascomycota,Lecanoromycetes,Ostropales,Graphidaceae,Redingeria
Fungi,Ascomycota,Lecanoromycetes,Ostropales,Graphidaceae,Reimnitzia
Fungi,Ascomycota,Lecanoromycetes,Ostropales,Graphidaceae,Rhabdodiscus
Fungi,Ascomycota,Lecanoromycetes,Ostropales,Graphidaceae,Sanguinotrema
Fungi,Ascomycota,Lecanoromycetes,Ostropales,Graphidaceae,Sarcographa
Fungi,Ascomycota,Lecanoromycetes,Ostropales,Graphidaceae,Sarcographina
Fungi,Ascomycota,Lecanoromycetes,Ostropales,Graphidaceae,Schistophoron
Fungi,Ascomycota,Lecanoromycetes,Ostropales,Graphidaceae,Schizotrema
Fungi,Ascomycota,Lecanoromycetes,Ostropales,Graphidaceae,Stegobolus
Fungi,Ascomycota,Lecanoromycetes,Ostropales,Graphidaceae,Thalloloma
Fungi,Ascomycota,Lecanoromycetes,Ostropales,Graphidaceae,Thecaria
Fungi,Ascomycota,Lecanoromycetes,Ostropales,Graphidaceae,Thecographa
Fungi,Ascomycota,Lecanoromycetes,Ostropales,Graphidaceae,Thelotrema
Fungi,Ascomycota,Lecanoromycetes,Ostropales,Graphidaceae,Topeliopsis
Fungi,Ascomycota,Lecanoromycetes,Ostropales,Graphidaceae,Wirthiotrema
Fungi,Ascomycota,Lecanoromycetes,Ostropales,Graphidaceae,Xalocoa
Fungi,Ascomycota,Lecanoromycetes,Ostropales,Graphidaceae,Gymnographopsis
Fungi,Ascomycota,Lecanoromycetes,Ostropales,Graphidaceae,Redonographa
Fungi,Ascomycota,Lecanoromycetes,Ostropales,Gyalectaceae,Cryptolechia
Fungi,Ascomycota,Lecanoromycetes,Ostropales,Gyalectaceae,Gyalecta
Fungi,Ascomycota,Lecanoromycetes,Ostropales,Gyalectaceae,Ramonia
Fungi,Ascomycota,Lecanoromycetes,Ostropales,Gyalectaceae,Semigyalecta
Fungi,Ascomycota,Lecanoromycetes,Ostropales,Phlyctidaceae,Phlyctis
Fungi,Ascomycota,Lecanoromycetes,Ostropales,Phlyctidaceae,Psathyrophlyctis
Fungi,Ascomycota,Lecanoromycetes,Ostropales,Porinaceae,Clathroporina
Fungi,Ascomycota,Lecanoromycetes,Ostropales,Porinaceae,Myeloconis
Fungi,Ascomycota,Lecanoromycetes,Ostropales,Porinaceae,Porina
Fungi,Ascomycota,Lecanoromycetes,Ostropales,Porinaceae,Pseudosagedia
Fungi,Ascomycota,Lecanoromycetes,Ostropales,Porinaceae,Segestria
Fungi,Ascomycota,Lecanoromycetes,Ostropales,Porinaceae,Trichothelium
Fungi,Ascomycota,Lecanoromycetes,Ostropales,Protothelenellaceae,Protothelenella
Fungi,Ascomycota,Lecanoromycetes,Ostropales,Sagiolechiaceae,Rhexophiale
Fungi,Ascomycota,Lecanoromycetes,Ostropales,Sagiolechiaceae,Sagiolechia
Fungi,Ascomycota,Lecanoromycetes,Ostropales,Stictidaceae,Absconditella
Fungi,Ascomycota,Lecanoromycetes,Ostropales,Stictidaceae,Acarosporina
Fungi,Ascomycota,Lecanoromycetes,Ostropales,Stictidaceae,Conotremopsis
Fungi,Ascomycota,Lecanoromycetes,Ostropales,Stictidaceae,Cryptodiscus
Fungi,Ascomycota,Lecanoromycetes,Ostropales,Stictidaceae,Geisleria
Fungi,Ascomycota,Lecanoromycetes,Ostropales,Stictidaceae,Invariella
Fungi,Ascomycota,Lecanoromycetes,Ostropales,Stictidaceae,Robergea
Fungi,Ascomycota,Lecanoromycetes,Ostropales,Stictidaceae,Schizoxylon
Fungi,Ascomycota,Lecanoromycetes,Ostropales,Stictidaceae,Stictis
Fungi,Ascomycota,Lecanoromycetes,Ostropales,Stictidaceae,Thelopsis
Fungi,Ascomycota,Lecanoromycetes,Ostropales,Stictidaceae,Topelia
Fungi,Ascomycota,Lecanoromycetes,Ostropales,Stictidaceae,Trinathotrema
Fungi,Ascomycota,Lecanoromycetes,Ostropales,Stictidaceae,Xyloschistes
Fungi,Ascomycota,Lecanoromycetes,Ostropales,Thelenellaceae,Aspidothelium
Fungi,Ascomycota,Lecanoromycetes,Ostropales,Thelenellaceae,Chromatochlamys
Fungi,Ascomycota,Lecanoromycetes,Ostropales,Thelenellaceae,Thelenella
Fungi,Ascomycota,Lecanoromycetes,Ostropales,Thrombiaceae,Thrombium
Fungi,Ascomycota,Lecanoromycetes,Ostropales,,Amphorothecium
Fungi,Ascomycota,Lecanoromycetes,Ostropales,,Anzina
Fungi,Ascomycota,Lecanoromycetes,Pertusariales,Coccotremataceae,Coccotrema
Fungi,Ascomycota,Lecanoromycetes,Pertusariales,Coccotremataceae,Gyalectaria
Fungi,Ascomycota,Lecanoromycetes,Pertusariales,Coccotremataceae,Parasiphula
Fungi,Ascomycota,Lecanoromycetes,Pertusariales,Icmadophilaceae,Chirleja
Fungi,Ascomycota,Lecanoromycetes,Pertusariales,Icmadophilaceae,Dibaeis
Fungi,Ascomycota,Lecanoromycetes,Pertusariales,Icmadophilaceae,Endocena
Fungi,Ascomycota,Lecanoromycetes,Pertusariales,Icmadophilaceae,Icmadophila
Fungi,Ascomycota,Lecanoromycetes,Pertusariales,Icmadophilaceae,Pseudobaeomyces
Fungi,Ascomycota,Lecanoromycetes,Pertusariales,Icmadophilaceae,Siphula
Fungi,Ascomycota,Lecanoromycetes,Pertusariales,Icmadophilaceae,Siphulella
Fungi,Ascomycota,Lecanoromycetes,Pertusariales,Icmadophilaceae,Thamnolia
Fungi,Ascomycota,Lecanoromycetes,Pertusariales,Megasporaceae,Aspicilia
Fungi,Ascomycota,Lecanoromycetes,Pertusariales,Megasporaceae,Circinaria
Fungi,Ascomycota,Lecanoromycetes,Pertusariales,Megasporaceae,Lobothallia
Fungi,Ascomycota,Lecanoromycetes,Pertusariales,Megasporaceae,Megaspora
Fungi,Ascomycota,Lecanoromycetes,Pertusariales,Megasporaceae,Sagedia
Fungi,Ascomycota,Lecanoromycetes,Pertusariales,Megasporaceae,Teuvoa
Fungi,Ascomycota,Lecanoromycetes,Pertusariales,Miltideaceae,Miltidea
Fungi,Ascomycota,Lecanoromycetes,Pertusariales,Ochrolechiaceae,Marfloraea
Fungi,Ascomycota,Lecanoromycetes,Pertusariales,Ochrolechiaceae,Ochrolechia
Fungi,Ascomycota,Lecanoromycetes,Pertusariales,Ochrolechiaceae,Varicellaria
Fungi,Ascomycota,Lecanoromycetes,Pertusariales,Pertusariaceae,Loxosporopsis
Fungi,Ascomycota,Lecanoromycetes,Pertusariales,Pertusariaceae,Pertusaria
Fungi,Ascomycota,Lecanoromycetes,Pertusariales,Pertusariaceae,Thamnochrolechia
Fungi,Ascomycota,Lecanoromycetes,Sarrameanales,Sarrameanaceae,Loxospora
Fungi,Ascomycota,Lecanoromycetes,Sarrameanales,Sarrameanaceae,Sarrameana
Fungi,Ascomycota,Lecanoromycetes,Sarrameanales,Schaereriaceae,Schaereria
Fungi,Ascomycota,Lecanoromycetes,Trapeliales,Trapeliaceae,Amylora
Fungi,Ascomycota,Lecanoromycetes,Trapeliales,Trapeliaceae,Aspiciliopsis
Fungi,Ascomycota,Lecanoromycetes,Trapeliales,Trapeliaceae,Coppinsia
Fungi,Ascomycota,Lecanoromycetes,Trapeliales,Trapeliaceae,Lignoscripta
Fungi,Ascomycota,Lecanoromycetes,Trapeliales,Trapeliaceae,Orceolina
Fungi,Ascomycota,Lecanoromycetes,Trapeliales,Trapeliaceae,Placopsis
Fungi,Ascomycota,Lecanoromycetes,Trapeliales,Trapeliaceae,Placynthiella
Fungi,Ascomycota,Lecanoromycetes,Trapeliales,Trapeliaceae,Rimularia
Fungi,Ascomycota,Lecanoromycetes,Trapeliales,Trapeliaceae,Sarea
Fungi,Ascomycota,Lecanoromycetes,Trapeliales,Trapeliaceae,Trapelia
Fungi,Ascomycota,Lecanoromycetes,Trapeliales,Trapeliaceae,Trapeliopsis
Fungi,Ascomycota,Lecanoromycetes,Trapeliales,Xylographaceae,Lambiella
Fungi,Ascomycota,Lecanoromycetes,Trapeliales,Xylographaceae,Lithographa
Fungi,Ascomycota,Lecanoromycetes,Trapeliales,Xylographaceae,Ptychographa
Fungi,Ascomycota,Lecanoromycetes,Trapeliales,Xylographaceae,Xylographa
Fungi,Ascomycota,Lecanoromycetes,,,Aspilidea
Fungi,Ascomycota,Lecanoromycetes,,,Dictyocatenulata
Fungi,Ascomycota,Lecanoromycetes,Umbilicariales,Elixiaceae,Elixia
Fungi,Ascomycota,Lecanoromycetes,Umbilicariales,Elixiaceae,Meridianelia
Fungi,Ascomycota,Lecanoromycetes,Umbilicariales,Fuscideaceae,Fuscidea
Fungi,Ascomycota,Lecanoromycetes,Umbilicariales,Fuscideaceae,Hueidea
Fungi,Ascomycota,Lecanoromycetes,Umbilicariales,Fuscideaceae,Maronea
Fungi,Ascomycota,Lecanoromycetes,Umbilicariales,Fuscideaceae,Orphniospora
Fungi,Ascomycota,Lecanoromycetes,Umbilicariales,Ophioparmaceae,Boreoplaca
Fungi,Ascomycota,Lecanoromycetes,Umbilicariales,Ophioparmaceae,Hypocenomyce
Fungi,Ascomycota,Lecanoromycetes,Umbilicariales,Ophioparmaceae,Ophioparma
Fungi,Ascomycota,Lecanoromycetes,Umbilicariales,Ropalosporaceae,Ropalospora
Fungi,Ascomycota,Lecanoromycetes,Umbilicariales,Umbilicariaceae,Fulgidea
Fungi,Ascomycota,Lecanoromycetes,Umbilicariales,Umbilicariaceae,Lasallia
Fungi,Ascomycota,Lecanoromycetes,Umbilicariales,Umbilicariaceae,Umbilicaria
Fungi,Ascomycota,Lecanoromycetes,Umbilicariales,Umbilicariaceae,Xylopsora
Fungi,Ascomycota,Lecanoromycetes,,Arthrorhaphidaceae,Arthrorhaphis
Fungi,Ascomycota,Lecanoromycetes,,,Argopsis
Fungi,Ascomycota,Lecanoromycetes,,,Bartlettiella
Fungi,Ascomycota,Lecanoromycetes,,,Bouvetiella
Fungi,Ascomycota,Lecanoromycetes,,,Buelliastrum
Fungi,Ascomycota,Lecanoromycetes,,,Haploloma
Fungi,Ascomycota,Lecanoromycetes,,,Maronella
Fungi,Ascomycota,Lecanoromycetes,,,Notolecidea
Fungi,Ascomycota,Lecanoromycetes,,,Petractis
Fungi,Ascomycota,Lecanoromycetes,,,Piccolia
Fungi,Ascomycota,"Lichinomycetes Reeb, Lutzoni & Cl.Roux",Lichinales,Gloeoheppiaceae,Gloeoheppia
Fungi,Ascomycota,"Lichinomycetes Reeb, Lutzoni & Cl.Roux",Lichinales,Gloeoheppiaceae,Gudelia
Fungi,Ascomycota,"Lichinomycetes Reeb, Lutzoni & Cl.Roux",Lichinales,Gloeoheppiaceae,Pseudopeltula
Fungi,Ascomycota,"Lichinomycetes Reeb, Lutzoni & Cl.Roux",Lichinales,Lichinaceae,Anema
Fungi,Ascomycota,"Lichinomycetes Reeb, Lutzoni & Cl.Roux",Lichinales,Lichinaceae,Calotrichopsis
Fungi,Ascomycota,"Lichinomycetes Reeb, Lutzoni & Cl.Roux",Lichinales,Lichinaceae,Corynecystis
Fungi,Ascomycota,"Lichinomycetes Reeb, Lutzoni & Cl.Roux",Lichinales,Lichinaceae,Cryptothele
Fungi,Ascomycota,"Lichinomycetes Reeb, Lutzoni & Cl.Roux",Lichinales,Lichinaceae,Digitothyrea
Fungi,Ascomycota,"Lichinomycetes Reeb, Lutzoni & Cl.Roux",Lichinales,Lichinaceae,Edwardiella
Fungi,Ascomycota,"Lichinomycetes Reeb, Lutzoni & Cl.Roux",Lichinales,Lichinaceae,Ephebe
Fungi,Ascomycota,"Lichinomycetes Reeb, Lutzoni & Cl.Roux",Lichinales,Lichinaceae,Euopsis
Fungi,Ascomycota,"Lichinomycetes Reeb, Lutzoni & Cl.Roux",Lichinales,Lichinaceae,Finkia
Fungi,Ascomycota,"Lichinomycetes Reeb, Lutzoni & Cl.Roux",Lichinales,Lichinaceae,Gyrocollema
Fungi,Ascomycota,"Lichinomycetes Reeb, Lutzoni & Cl.Roux",Lichinales,Lichinaceae,Harpidium
Fungi,Ascomycota,"Lichinomycetes Reeb, Lutzoni & Cl.Roux",Lichinales,Lichinaceae,Heppia
Fungi,Ascomycota,"Lichinomycetes Reeb, Lutzoni & Cl.Roux",Lichinales,Lichinaceae,Jenmania
Fungi,Ascomycota,"Lichinomycetes Reeb, Lutzoni & Cl.Roux",Lichinales,Lichinaceae,Lecidopyrenopsis
Fungi,Ascomycota,"Lichinomycetes Reeb, Lutzoni & Cl.Roux",Lichinales,Lichinaceae,Lemmopsis
Fungi,Ascomycota,"Lichinomycetes Reeb, Lutzoni & Cl.Roux",Lichinales,Lichinaceae,Lempholemma
Fungi,Ascomycota,"Lichinomycetes Reeb, Lutzoni & Cl.Roux",Lichinales,Lichinaceae,Leprocollema
Fungi,Ascomycota,"Lichinomycetes Reeb, Lutzoni & Cl.Roux",Lichinales,Lichinaceae,Lichina
Fungi,Ascomycota,"Lichinomycetes Reeb, Lutzoni & Cl.Roux",Lichinales,Lichinaceae,Lichinella
Fungi,Ascomycota,"Lichinomycetes Reeb, Lutzoni & Cl.Roux",Lichinales,Lichinaceae,Lichinodium
Fungi,Ascomycota,"Lichinomycetes Reeb, Lutzoni & Cl.Roux",Lichinales,Lichinaceae,Mawsonia
Fungi,Ascomycota,"Lichinomycetes Reeb, Lutzoni & Cl.Roux",Lichinales,Lichinaceae,Metamelanea
Fungi,Ascomycota,"Lichinomycetes Reeb, Lutzoni & Cl.Roux",Lichinales,Lichinaceae,Paulia
Fungi,Ascomycota,"Lichinomycetes Reeb, Lutzoni & Cl.Roux",Lichinales,Lichinaceae,Peccania
Fungi,Ascomycota,"Lichinomycetes Reeb, Lutzoni & Cl.Roux",Lichinales,Lichinaceae,Phloeopeccania
Fungi,Ascomycota,"Lichinomycetes Reeb, Lutzoni & Cl.Roux",Lichinales,Lichinaceae,Phylliscidium
Fungi,Ascomycota,"Lichinomycetes Reeb, Lutzoni & Cl.Roux",Lichinales,Lichinaceae,Phyllisciella
Fungi,Ascomycota,"Lichinomycetes Reeb, Lutzoni & Cl.Roux",Lichinales,Lichinaceae,Phylliscidiopsis
Fungi,Ascomycota,"Lichinomycetes Reeb, Lutzoni & Cl.Roux",Lichinales,Lichinaceae,Phylliscum
Fungi,Ascomycota,"Lichinomycetes Reeb, Lutzoni & Cl.Roux",Lichinales,Lichinaceae,Porocyphus
Fungi,Ascomycota,"Lichinomycetes Reeb, Lutzoni & Cl.Roux",Lichinales,Lichinaceae,Pseudarctomia
Fungi,Ascomycota,"Lichinomycetes Reeb, Lutzoni & Cl.Roux",Lichinales,Lichinaceae,Pseudoheppia
Fungi,Ascomycota,"Lichinomycetes Reeb, Lutzoni & Cl.Roux",Lichinales,Lichinaceae,Pseudopaulia
Fungi,Ascomycota,"Lichinomycetes Reeb, Lutzoni & Cl.Roux",Lichinales,Lichinaceae,Psorotichia
Fungi,Ascomycota,"Lichinomycetes Reeb, Lutzoni & Cl.Roux",Lichinales,Lichinaceae,Pterygiopsis
Fungi,Ascomycota,"Lichinomycetes Reeb, Lutzoni & Cl.Roux",Lichinales,Lichinaceae,Pyrenocarpon
Fungi,Ascomycota,"Lichinomycetes Reeb, Lutzoni & Cl.Roux",Lichinales,Lichinaceae,Pyrenopsis
Fungi,Ascomycota,"Lichinomycetes Reeb, Lutzoni & Cl.Roux",Lichinales,Lichinaceae,Solorinaria
Fungi,Ascomycota,"Lichinomycetes Reeb, Lutzoni & Cl.Roux",Lichinales,Lichinaceae,Stromatella
Fungi,Ascomycota,"Lichinomycetes Reeb, Lutzoni & Cl.Roux",Lichinales,Lichinaceae,Synalissa
Fungi,Ascomycota,"Lichinomycetes Reeb, Lutzoni & Cl.Roux",Lichinales,Lichinaceae,Thallinocarpon
Fungi,Ascomycota,"Lichinomycetes Reeb, Lutzoni & Cl.Roux",Lichinales,Lichinaceae,Thelignya
Fungi,Ascomycota,"Lichinomycetes Reeb, Lutzoni & Cl.Roux",Lichinales,Lichinaceae,Thermutis
Fungi,Ascomycota,"Lichinomycetes Reeb, Lutzoni & Cl.Roux",Lichinales,Lichinaceae,Thermutopsis
Fungi,Ascomycota,"Lichinomycetes Reeb, Lutzoni & Cl.Roux",Lichinales,Lichinaceae,Thyrea
Fungi,Ascomycota,"Lichinomycetes Reeb, Lutzoni & Cl.Roux",Lichinales,Lichinaceae,Zahlbrucknerella
Fungi,Ascomycota,"Lichinomycetes Reeb, Lutzoni & Cl.Roux",Lichinales,Peltulaceae,Peltula
Fungi,Ascomycota,Sordariomycetes,Xylariales,Requienellaceae,Requienella
Fungi,Ascomycota,Sarcosagium,Thelocarpales,Thelocarpaceae,Sarcosagium
Fungi,Ascomycota,Thelocarpon,Thelocarpales,Thelocarpaceae,Thelocarpon
Fungi,Ascomycota,Vezdaea,Vezdaeales,Vezdaeaceae,Vezdaea
Fungi,Ascomycota,Aphanopsis,,Aphanopsidaceae,Aphanopsis
Fungi,Ascomycota,Steinia,,Aphanopsidaceae,Steinia
Fungi,Ascomycota,Strangospora,,Strangosporaceae,Strangospora
Fungi,Ascomycota,Asteroporum,,,Asteroporum
Fungi,Ascomycota,Biatoridium,,,Biatoridium
Fungi,Ascomycota,Cheiromycina,,,Cheiromycina
Fungi,Ascomycota,Cyanoporina,,,Cyanoporina
Fungi,Ascomycota,Eopyrenula,,,Eopyrenula
Fungi,Ascomycota,Frigidopyrenia,,,Frigidopyrenia
Fungi,Ascomycota,Magmopsis,,,Magmopsis
Fungi,Ascomycota,Melanophloea,,,Melanophloea
Fungi,Ascomycota,Milospium,,,Milospium
Fungi,Ascomycota,Oevstedalia,,,Oevstedalia
Fungi,Ascomycota,Psammina,,,Psammina
Fungi,Ascomycota,Pyrenocollema,,,Pyrenocollema
Fungi,Ascomycota,Thelenidia,,,Thelenidia
Fungi,Ascomycota,Trizodia,,,Trizodia
Fungi,Ascomycota,Wadeana,,,Wadeana
Fungi,Basidiomycota,Agaricomycetes,Agaricales,Hygrophoraceae,Acantholichen
Fungi,Basidiomycota,Agaricomycetes,Agaricales,Hygrophoraceae,Arrhenia
Fungi,Basidiomycota,Agaricomycetes,Agaricales,Hygrophoraceae,Cora
Fungi,Basidiomycota,Agaricomycetes,Agaricales,Hygrophoraceae,Corella
Fungi,Basidiomycota,Agaricomycetes,Agaricales,Hygrophoraceae,Cyphellostereum
Fungi,Basidiomycota,Agaricomycetes,Agaricales,Hygrophoraceae,Dictyonema
Fungi,Basidiomycota,Agaricomycetes,Agaricales,Hygrophoraceae,Lichenomphalia
Fungi,Basidiomycota,Agaricomycetes,Agaricales,Hygrophoraceae,Semiomphalina
Fungi,Basidiomycota,Agaricomycetes,Atheliales,Atheliaceae,Athelia
Fungi,Basidiomycota,Agaricomycetes,Atheliales,Atheliaceae,Athelopsis
Fungi,Basidiomycota,Agaricomycetes,Lepidostromatales,Lepidostromataceae,Ertzia
Fungi,Basidiomycota,Agaricomycetes,Lepidostromatales,Lepidostromataceae,Lepidostroma
Fungi,Basidiomycota,Agaricomycetes,Lepidostromatales,Lepidostromataceae,Sulzbacheromyces
Fungi,Basidiomycota,Agaricomycetes,Cantharellales,Clavulinaceae,Multiclavula
Fungi,Basidiomycota,Agaricomycetes,Corticiales,Corticiaceae,Marchandiomphalina
